[0.000000] (-) TimerEvent: {}
[0.000327] (-) JobUnselected: {'identifier': 'lbringup'}
[0.000364] (-) JobUnselected: {'identifier': 'purpuresuit_pkg'}
[0.000390] (-) JobUnselected: {'identifier': 'robot_gui_pkg'}
[0.000414] (-) JobUnselected: {'identifier': 'robot_main_pkg'}
[0.000523] (robot_waypoint_pkg) JobQueued: {'identifier': 'robot_waypoint_pkg', 'dependencies': OrderedDict()}
[0.000658] (robot_waypoint_pkg) JobStarted: {'identifier': 'robot_waypoint_pkg'}
[0.013409] (robot_waypoint_pkg) JobProgress: {'identifier': 'robot_waypoint_pkg', 'progress': 'cmake'}
[0.014613] (robot_waypoint_pkg) JobProgress: {'identifier': 'robot_waypoint_pkg', 'progress': 'build'}
[0.015367] (robot_waypoint_pkg) Command: {'cmd': ['/usr/bin/cmake', '--build', '/home/syafihidayat/Documents/robot_smoothing/build/robot_waypoint_pkg', '--', '-j16', '-l16'], 'cwd': '/home/syafihidayat/Documents/robot_smoothing/build/robot_waypoint_pkg', 'env': OrderedDict([('LINOROBOT2_BASE', '2wd'), ('LESSOPEN', '| /usr/bin/lesspipe %s'), ('USER', 'syafihidayat'), ('LC_TIME', 'id_ID.UTF-8'), ('XDG_SESSION_TYPE', 'wayland'), ('SHLVL', '1'), ('LD_LIBRARY_PATH', '/home/syafihidayat/microros_ws/install/micro_ros_agent/lib:/home/syafihidayat/microros_ws/install/micro_ros_msgs/lib:/usr/lib/x86_64-linux-gnu/gazebo-11/plugins:/opt/ros/humble/opt/rviz_ogre_vendor/lib:/opt/ros/humble/lib/x86_64-linux-gnu:/opt/ros/humble/lib'), ('HOME', '/home/syafihidayat'), ('OLDPWD', '/home/syafihidayat/Documents/robot_ws'), ('DESKTOP_SESSION', 'ubuntu'), ('ROS_PYTHON_VERSION', '3'), ('GNOME_SHELL_SESSION_MODE', 'ubuntu'), ('GTK_MODULES', 'gail:atk-bridge'), ('LC_MONETARY', 'id_ID.UTF-8'), ('SYSTEMD_EXEC_PID', '1927'), ('DBUS_SESSION_BUS_ADDRESS', 'unix:path=/run/user/1000/bus'), ('COLORTERM', 'truecolor'), ('IM_CONFIG_PHASE', '1'), ('WAYLAND_DISPLAY', 'wayland-0'), ('COLCON_PREFIX_PATH', '/home/syafihidayat/Documents/robot_smoothing/install:/home/syafihidayat/microros_ws/install'), ('ROS_DISTRO', 'humble'), ('LOGNAME', 'syafihidayat'), ('_', '/usr/bin/colcon'), ('ROS_VERSION', '2'), ('XDG_SESSION_CLASS', 'user'), ('USERNAME', 'syafihidayat'), ('TERM', 'xterm-256color'), ('GAZEBO_MODEL_PATH', ':/opt/ros/humble/share/turtlebot3_gazebo/models:/home/syafihidayat/swerve_test/install/swerve_description/share'), ('GNOME_DESKTOP_SESSION_ID', 'this-is-deprecated'), ('ROS_LOCALHOST_ONLY', '0'), ('PATH', '/home/syafihidayat/.local/bin:/opt/ros/humble/bin:/home/syafihidayat/.local/bin:/usr/local/sbin:/usr/local/bin:/usr/sbin:/usr/bin:/sbin:/bin:/usr/games:/usr/local/games:/snap/bin:/snap/bin:/home/syafihidayat/.lmstudio/bin:/home/syafihidayat/.lmstudio/bin'), ('SESSION_MANAGER', 'local/syafihidayat:@/tmp/.ICE-unix/1892,unix/syafihidayat:/tmp/.ICE-unix/1892'), ('XDG_MENU_PREFIX', 'gnome-'), ('LC_ADDRESS', 'id_ID.UTF-8'), ('GNOME_TERMINAL_SCREEN', '/org/gnome/Terminal/screen/a4e4d809_5091_4eb9_9e4a_6b37f894591d'), ('GNOME_SETUP_DISPLAY', ':1'), ('XDG_RUNTIME_DIR', '/run/user/1000'), ('DISPLAY', ':0'), ('LD_PRELOAD', ''), ('LANG', 'en_US.UTF-8'), ('XDG_CURRENT_DESKTOP', 'ubuntu:GNOME'), ('LC_TELEPHONE', 'id_ID.UTF-8'), ('XMODIFIERS', '@im=ibus'), ('XDG_SESSION_DESKTOP', 'ubuntu'), ('XAUTHORITY', '/run/user/1000/.mutter-Xwaylandauth.4AGGV3'), ('LS_COLORS', 'rs=0:di=01;34:ln=01;36:mh=00:pi=40;33:so=01;35:do=01;35:bd=40;33;01:cd=40;33;01:or=40;31;01:mi=00:su=37;41:sg=30;43:ca=30;41:tw=30;42:ow=34;42:st=37;44:ex=01;32:*.tar=01;31:*.tgz=01;31:*.arc=01;31:*.arj=01;31:*.taz=01;31:*.lha=01;31:*.lz4=01;31:*.lzh=01;31:*.lzma=01;31:*.tlz=01;31:*.txz=01;31:*.tzo=01;31:*.t7z=01;31:*.zip=01;31:*.z=01;31:*.dz=01;31:*.gz=01;31:*.lrz=01;31:*.lz=01;31:*.lzo=01;31:*.xz=01;31:*.zst=01;31:*.tzst=01;31:*.bz2=01;31:*.bz=01;31:*.tbz=01;31:*.tbz2=01;31:*.tz=01;31:*.deb=01;31:*.rpm=01;31:*.jar=01;31:*.war=01;31:*.ear=01;31:*.sar=01;31:*.rar=01;31:*.alz=01;31:*.ace=01;31:*.zoo=01;31:*.cpio=01;31:*.7z=01;31:*.rz=01;31:*.cab=01;31:*.wim=01;31:*.swm=01;31:*.dwm=01;31:*.esd=01;31:*.jpg=01;35:*.jpeg=01;35:*.mjpg=01;35:*.mjpeg=01;35:*.gif=01;35:*.bmp=01;35:*.pbm=01;35:*.pgm=01;35:*.ppm=01;35:*.tga=01;35:*.xbm=01;35:*.xpm=01;35:*.tif=01;35:*.tiff=01;35:*.png=01;35:*.svg=01;35:*.svgz=01;35:*.mng=01;35:*.pcx=01;35:*.mov=01;35:*.mpg=01;35:*.mpeg=01;35:*.m2v=01;35:*.mkv=01;35:*.webm=01;35:*.webp=01;35:*.ogm=01;35:*.mp4=01;35:*.m4v=01;35:*.mp4v=01;35:*.vob=01;35:*.qt=01;35:*.nuv=01;35:*.wmv=01;35:*.asf=01;35:*.rm=01;35:*.rmvb=01;35:*.flc=01;35:*.avi=01;35:*.fli=01;35:*.flv=01;35:*.gl=01;35:*.dl=01;35:*.xcf=01;35:*.xwd=01;35:*.yuv=01;35:*.cgm=01;35:*.emf=01;35:*.ogv=01;35:*.ogx=01;35:*.aac=00;36:*.au=00;36:*.flac=00;36:*.m4a=00;36:*.mid=00;36:*.midi=00;36:*.mka=00;36:*.mp3=00;36:*.mpc=00;36:*.ogg=00;36:*.ra=00;36:*.wav=00;36:*.oga=00;36:*.opus=00;36:*.spx=00;36:*.xspf=00;36:'), ('GNOME_TERMINAL_SERVICE', ':1.145'), ('SSH_AGENT_LAUNCHER', 'gnome-keyring'), ('SSH_AUTH_SOCK', '/run/user/1000/keyring/ssh'), ('AMENT_PREFIX_PATH', '/home/syafihidayat/Documents/robot_smoothing/install/robot_waypoint_pkg:/home/syafihidayat/Documents/robot_smoothing/install/robot_main_pkg:/home/syafihidayat/Documents/robot_smoothing/install/robot_gui_pkg:/home/syafihidayat/Documents/robot_smoothing/install/purpuresuit_pkg:/home/syafihidayat/Documents/robot_smoothing/install/lbringup:/home/syafihidayat/microros_ws/install/micro_ros_setup:/home/syafihidayat/microros_ws/install/micro_ros_agent:/home/syafihidayat/microros_ws/install/micro_ros_msgs:/opt/ros/humble'), ('SHELL', '/bin/bash'), ('LC_NAME', 'id_ID.UTF-8'), ('QT_ACCESSIBILITY', '1'), ('GDMSESSION', 'ubuntu'), ('LESSCLOSE', '/usr/bin/lesspipe %s %s'), ('LC_MEASUREMENT', 'id_ID.UTF-8'), ('LC_IDENTIFICATION', 'id_ID.UTF-8'), ('GAZEBO_MODEL_DATABASE_URI', ''), ('QT_IM_MODULE', 'ibus'), ('PWD', '/home/syafihidayat/Documents/robot_smoothing/build/robot_waypoint_pkg'), ('TURTLEBOT3_MODEL', 'waffle'), ('LC_ALL', 'en_US.UTF-8'), ('XDG_CONFIG_DIRS', '/etc/xdg/xdg-ubuntu:/etc/xdg'), ('XDG_DATA_DIRS', '/usr/share/ubuntu:/usr/local/share/:/usr/share/:/var/lib/snapd/desktop'), ('PYTHONPATH', '/home/syafihidayat/Documents/robot_smoothing/install/robot_gui_pkg/lib/python3.10/site-packages:/home/syafihidayat/microros_ws/install/micro_ros_msgs/local/lib/python3.10/dist-packages:/opt/ros/humble/lib/python3.10/site-packages:/opt/ros/humble/local/lib/python3.10/dist-packages'), ('LC_NUMERIC', 'id_ID.UTF-8'), ('LC_PAPER', 'id_ID.UTF-8'), ('COLCON', '1'), ('VTE_VERSION', '6800'), ('CMAKE_PREFIX_PATH', '/home/syafihidayat/Documents/robot_smoothing/install/robot_waypoint_pkg:/home/syafihidayat/Documents/robot_smoothing/install/robot_main_pkg:/home/syafihidayat/Documents/robot_smoothing/install/purpuresuit_pkg:/home/syafihidayat/Documents/robot_smoothing/install/lbringup:/home/syafihidayat/microros_ws/install/micro_ros_setup:/home/syafihidayat/microros_ws/install/micro_ros_agent:/home/syafihidayat/microros_ws/install/micro_ros_msgs:/home/syafihidayat/Documents/robot_smoothing/install/robot_gui_pkg:/opt/ros/humble')]), 'shell': False}
[0.099578] (-) TimerEvent: {}
[0.195270] (robot_waypoint_pkg) StdoutLine: {'line': b'[ 50%] \x1b[32mBuilding CXX object CMakeFiles/robot_waypoint.dir/src/robot_waypoint.cpp.o\x1b[0m\n'}
[0.199692] (-) TimerEvent: {}
[0.299999] (-) TimerEvent: {}
[0.400452] (-) TimerEvent: {}
[0.500885] (-) TimerEvent: {}
[0.601408] (-) TimerEvent: {}
[0.701941] (-) TimerEvent: {}
[0.802480] (-) TimerEvent: {}
[0.902979] (-) TimerEvent: {}
[1.003454] (-) TimerEvent: {}
[1.103993] (-) TimerEvent: {}
[1.204477] (-) TimerEvent: {}
[1.304971] (-) TimerEvent: {}
[1.405425] (-) TimerEvent: {}
[1.505935] (-) TimerEvent: {}
[1.606429] (-) TimerEvent: {}
[1.706880] (-) TimerEvent: {}
[1.807396] (-) TimerEvent: {}
[1.907845] (-) TimerEvent: {}
[2.008353] (-) TimerEvent: {}
[2.108813] (-) TimerEvent: {}
[2.209324] (-) TimerEvent: {}
[2.309820] (-) TimerEvent: {}
[2.410286] (-) TimerEvent: {}
[2.510796] (-) TimerEvent: {}
[2.611336] (-) TimerEvent: {}
[2.711721] (-) TimerEvent: {}
[2.729133] (robot_waypoint_pkg) StderrLine: {'line': b'In file included from \x1b[01m\x1b[K/usr/include/c++/11/bits/unique_ptr.h:37\x1b[m\x1b[K,\n'}
[2.735538] (robot_waypoint_pkg) StderrLine: {'line': b'                 from \x1b[01m\x1b[K/usr/include/c++/11/memory:76\x1b[m\x1b[K,\n'}
[2.736027] (robot_waypoint_pkg) StderrLine: {'line': b'                 from \x1b[01m\x1b[K/opt/ros/humble/include/rclcpp/rclcpp/rclcpp.hpp:153\x1b[m\x1b[K,\n'}
[2.736624] (robot_waypoint_pkg) StderrLine: {'line': b'                 from \x1b[01m\x1b[K/home/syafihidayat/Documents/robot_smoothing/src/robot_waypoint_pkg/src/robot_waypoint.cpp:2\x1b[m\x1b[K:\n'}
[2.736969] (robot_waypoint_pkg) StderrLine: {'line': b'/usr/include/c++/11/tuple: In instantiation of \xe2\x80\x98\x1b[01m\x1b[Kstruct std::tuple_element<0, std::tuple<> >\x1b[m\x1b[K\xe2\x80\x99:\n'}
[2.737422] (robot_waypoint_pkg) StderrLine: {'line': b'\x1b[01m\x1b[K/usr/include/c++/11/tuple:1353:12:\x1b[m\x1b[K   recursively required from \xe2\x80\x98\x1b[01m\x1b[Kstruct std::tuple_element<2, std::tuple<double, double> >\x1b[m\x1b[K\xe2\x80\x99\n'}
[2.737509] (robot_waypoint_pkg) StderrLine: {'line': b'\x1b[01m\x1b[K/usr/include/c++/11/tuple:1353:12:\x1b[m\x1b[K   required from \xe2\x80\x98\x1b[01m\x1b[Kstruct std::tuple_element<3, std::tuple<double, double, double> >\x1b[m\x1b[K\xe2\x80\x99\n'}
[2.737587] (robot_waypoint_pkg) StderrLine: {'line': b'\x1b[01m\x1b[K/usr/include/c++/11/utility:118:11:\x1b[m\x1b[K   required by substitution of \xe2\x80\x98\x1b[01m\x1b[Ktemplate<long unsigned int __i, class _Tp> using __tuple_element_t = typename std::tuple_element::type [with long unsigned int __i = 3; _Tp = std::tuple<double, double, double>]\x1b[m\x1b[K\xe2\x80\x99\n'}
[2.737668] (robot_waypoint_pkg) StderrLine: {'line': b'\x1b[01m\x1b[K/usr/include/c++/11/tuple:1414:5:\x1b[m\x1b[K   required by substitution of \xe2\x80\x98\x1b[01m\x1b[Ktemplate<long unsigned int __i, class ... _Elements> constexpr std::__tuple_element_t<__i, std::tuple<_UTypes ...> >&& std::get(const std::tuple<_UTypes ...>&&) [with long unsigned int __i = 3; _Elements = {double, double, double}]\x1b[m\x1b[K\xe2\x80\x99\n'}
[2.737748] (robot_waypoint_pkg) StderrLine: {'line': b'\x1b[01m\x1b[K/home/syafihidayat/Documents/robot_smoothing/src/robot_waypoint_pkg/src/robot_waypoint.cpp:98:52:\x1b[m\x1b[K   required from here\n'}
[2.737826] (robot_waypoint_pkg) StderrLine: {'line': b'\x1b[01m\x1b[K/usr/include/c++/11/tuple:1371:25:\x1b[m\x1b[K \x1b[01;31m\x1b[Kerror: \x1b[m\x1b[Kstatic assertion failed: tuple index must be in range\n'}
[2.737902] (robot_waypoint_pkg) StderrLine: {'line': b' 1371 |       static_assert(\x1b[01;31m\x1b[K__i < tuple_size<tuple<>>::value\x1b[m\x1b[K,\n'}
[2.738006] (robot_waypoint_pkg) StderrLine: {'line': b'      |                     \x1b[01;31m\x1b[K~~~~^~~~~~~~~~~~~~~~~~~~~~~~~~~~\x1b[m\x1b[K\n'}
[2.738082] (robot_waypoint_pkg) StderrLine: {'line': b'\x1b[01m\x1b[K/usr/include/c++/11/tuple:1371:25:\x1b[m\x1b[K \x1b[01;36m\x1b[Knote: \x1b[m\x1b[K\xe2\x80\x98\x1b[01m\x1b[K(0 < ((long unsigned int)std::integral_constant<long unsigned int, 0>::value))\x1b[m\x1b[K\xe2\x80\x99 evaluates to false\n'}
[2.738157] (robot_waypoint_pkg) StderrLine: {'line': b'\x1b[01m\x1b[K/home/syafihidayat/Documents/robot_smoothing/src/robot_waypoint_pkg/src/robot_waypoint.cpp:\x1b[m\x1b[K In member function \xe2\x80\x98\x1b[01m\x1b[Kvoid waypointPublish::send_waypoint()\x1b[m\x1b[K\xe2\x80\x99:\n'}
[2.738232] (robot_waypoint_pkg) StderrLine: {'line': b'\x1b[01m\x1b[K/home/syafihidayat/Documents/robot_smoothing/src/robot_waypoint_pkg/src/robot_waypoint.cpp:98:52:\x1b[m\x1b[K \x1b[01;31m\x1b[Kerror: \x1b[m\x1b[Kno matching function for call to \xe2\x80\x98\x1b[01m\x1b[Kget<3>(__gnu_cxx::__alloc_traits<std::allocator<std::tuple<double, double, double> >, std::tuple<double, double, double> >::value_type&)\x1b[m\x1b[K\xe2\x80\x99\n'}
[2.738308] (robot_waypoint_pkg) StderrLine: {'line': b'   98 |     speed_msg.data = static_cast<float>(\x1b[01;31m\x1b[Kstd::get<3>(waypoint[current_waypoint_index])\x1b[m\x1b[K);\n'}
[2.738382] (robot_waypoint_pkg) StderrLine: {'line': b'      |                                         \x1b[01;31m\x1b[K~~~~~~~~~~~^~~~~~~~~~~~~~~~~~~~~~~~~~~~~~~~~~\x1b[m\x1b[K\n'}
[2.738456] (robot_waypoint_pkg) StderrLine: {'line': b'In file included from \x1b[01m\x1b[K/usr/include/c++/11/bits/unique_ptr.h:36\x1b[m\x1b[K,\n'}
[2.738545] (robot_waypoint_pkg) StderrLine: {'line': b'                 from \x1b[01m\x1b[K/usr/include/c++/11/memory:76\x1b[m\x1b[K,\n'}
[2.738619] (robot_waypoint_pkg) StderrLine: {'line': b'                 from \x1b[01m\x1b[K/opt/ros/humble/include/rclcpp/rclcpp/rclcpp.hpp:153\x1b[m\x1b[K,\n'}
[2.738693] (robot_waypoint_pkg) StderrLine: {'line': b'                 from \x1b[01m\x1b[K/home/syafihidayat/Documents/robot_smoothing/src/robot_waypoint_pkg/src/robot_waypoint.cpp:2\x1b[m\x1b[K:\n'}
[2.738772] (robot_waypoint_pkg) StderrLine: {'line': b'\x1b[01m\x1b[K/usr/include/c++/11/utility:223:5:\x1b[m\x1b[K \x1b[01;36m\x1b[Knote: \x1b[m\x1b[Kcandidate: \xe2\x80\x98\x1b[01m\x1b[Ktemplate<long unsigned int _Int, class _Tp1, class _Tp2> constexpr typename std::tuple_element<_Int, std::pair<_Tp1, _Tp2> >::type& std::get(std::pair<_Tp1, _Tp2>&)\x1b[m\x1b[K\xe2\x80\x99\n'}
[2.738850] (robot_waypoint_pkg) StderrLine: {'line': b'  223 |     \x1b[01;36m\x1b[Kget\x1b[m\x1b[K(pair<_Tp1, _Tp2>& __in) noexcept\n'}
[2.738967] (robot_waypoint_pkg) StderrLine: {'line': b'      |     \x1b[01;36m\x1b[K^~~\x1b[m\x1b[K\n'}
[2.739102] (robot_waypoint_pkg) StderrLine: {'line': b'\x1b[01m\x1b[K/usr/include/c++/11/utility:223:5:\x1b[m\x1b[K \x1b[01;36m\x1b[Knote: \x1b[m\x1b[K  template argument deduction/substitution failed:\n'}
[2.739181] (robot_waypoint_pkg) StderrLine: {'line': b'\x1b[01m\x1b[K/home/syafihidayat/Documents/robot_smoothing/src/robot_waypoint_pkg/src/robot_waypoint.cpp:98:52:\x1b[m\x1b[K \x1b[01;36m\x1b[Knote: \x1b[m\x1b[K  \xe2\x80\x98\x1b[01m\x1b[K__gnu_cxx::__alloc_traits<std::allocator<std::tuple<double, double, double> >, std::tuple<double, double, double> >::value_type\x1b[m\x1b[K\xe2\x80\x99 {aka \xe2\x80\x98\x1b[01m\x1b[Kstd::tuple<double, double, double>\x1b[m\x1b[K\xe2\x80\x99} is not derived from \xe2\x80\x98\x1b[01m\x1b[Kstd::pair<_Tp1, _Tp2>\x1b[m\x1b[K\xe2\x80\x99\n'}
[2.739272] (robot_waypoint_pkg) StderrLine: {'line': b'   98 |     speed_msg.data = static_cast<float>(\x1b[01;36m\x1b[Kstd::get<3>(waypoint[current_waypoint_index])\x1b[m\x1b[K);\n'}
[2.739366] (robot_waypoint_pkg) StderrLine: {'line': b'      |                                         \x1b[01;36m\x1b[K~~~~~~~~~~~^~~~~~~~~~~~~~~~~~~~~~~~~~~~~~~~~~\x1b[m\x1b[K\n'}
[2.739442] (robot_waypoint_pkg) StderrLine: {'line': b'In file included from \x1b[01m\x1b[K/usr/include/c++/11/bits/unique_ptr.h:36\x1b[m\x1b[K,\n'}
[2.739520] (robot_waypoint_pkg) StderrLine: {'line': b'                 from \x1b[01m\x1b[K/usr/include/c++/11/memory:76\x1b[m\x1b[K,\n'}
[2.739593] (robot_waypoint_pkg) StderrLine: {'line': b'                 from \x1b[01m\x1b[K/opt/ros/humble/include/rclcpp/rclcpp/rclcpp.hpp:153\x1b[m\x1b[K,\n'}
[2.739665] (robot_waypoint_pkg) StderrLine: {'line': b'                 from \x1b[01m\x1b[K/home/syafihidayat/Documents/robot_smoothing/src/robot_waypoint_pkg/src/robot_waypoint.cpp:2\x1b[m\x1b[K:\n'}
[2.739738] (robot_waypoint_pkg) StderrLine: {'line': b'\x1b[01m\x1b[K/usr/include/c++/11/utility:228:5:\x1b[m\x1b[K \x1b[01;36m\x1b[Knote: \x1b[m\x1b[Kcandidate: \xe2\x80\x98\x1b[01m\x1b[Ktemplate<long unsigned int _Int, class _Tp1, class _Tp2> constexpr typename std::tuple_element<_Int, std::pair<_Tp1, _Tp2> >::type&& std::get(std::pair<_Tp1, _Tp2>&&)\x1b[m\x1b[K\xe2\x80\x99\n'}
[2.739813] (robot_waypoint_pkg) StderrLine: {'line': b'  228 |     \x1b[01;36m\x1b[Kget\x1b[m\x1b[K(pair<_Tp1, _Tp2>&& __in) noexcept\n'}
[2.739885] (robot_waypoint_pkg) StderrLine: {'line': b'      |     \x1b[01;36m\x1b[K^~~\x1b[m\x1b[K\n'}
[2.739984] (robot_waypoint_pkg) StderrLine: {'line': b'\x1b[01m\x1b[K/usr/include/c++/11/utility:228:5:\x1b[m\x1b[K \x1b[01;36m\x1b[Knote: \x1b[m\x1b[K  template argument deduction/substitution failed:\n'}
[2.740058] (robot_waypoint_pkg) StderrLine: {'line': b'\x1b[01m\x1b[K/home/syafihidayat/Documents/robot_smoothing/src/robot_waypoint_pkg/src/robot_waypoint.cpp:98:52:\x1b[m\x1b[K \x1b[01;36m\x1b[Knote: \x1b[m\x1b[K  \xe2\x80\x98\x1b[01m\x1b[K__gnu_cxx::__alloc_traits<std::allocator<std::tuple<double, double, double> >, std::tuple<double, double, double> >::value_type\x1b[m\x1b[K\xe2\x80\x99 {aka \xe2\x80\x98\x1b[01m\x1b[Kstd::tuple<double, double, double>\x1b[m\x1b[K\xe2\x80\x99} is not derived from \xe2\x80\x98\x1b[01m\x1b[Kstd::pair<_Tp1, _Tp2>\x1b[m\x1b[K\xe2\x80\x99\n'}
[2.740140] (robot_waypoint_pkg) StderrLine: {'line': b'   98 |     speed_msg.data = static_cast<float>(\x1b[01;36m\x1b[Kstd::get<3>(waypoint[current_waypoint_index])\x1b[m\x1b[K);\n'}
[2.740213] (robot_waypoint_pkg) StderrLine: {'line': b'      |                                         \x1b[01;36m\x1b[K~~~~~~~~~~~^~~~~~~~~~~~~~~~~~~~~~~~~~~~~~~~~~\x1b[m\x1b[K\n'}
[2.740286] (robot_waypoint_pkg) StderrLine: {'line': b'In file included from \x1b[01m\x1b[K/usr/include/c++/11/bits/unique_ptr.h:36\x1b[m\x1b[K,\n'}
[2.740357] (robot_waypoint_pkg) StderrLine: {'line': b'                 from \x1b[01m\x1b[K/usr/include/c++/11/memory:76\x1b[m\x1b[K,\n'}
[2.740429] (robot_waypoint_pkg) StderrLine: {'line': b'                 from \x1b[01m\x1b[K/opt/ros/humble/include/rclcpp/rclcpp/rclcpp.hpp:153\x1b[m\x1b[K,\n'}
[2.740501] (robot_waypoint_pkg) StderrLine: {'line': b'                 from \x1b[01m\x1b[K/home/syafihidayat/Documents/robot_smoothing/src/robot_waypoint_pkg/src/robot_waypoint.cpp:2\x1b[m\x1b[K:\n'}
[2.740574] (robot_waypoint_pkg) StderrLine: {'line': b'\x1b[01m\x1b[K/usr/include/c++/11/utility:233:5:\x1b[m\x1b[K \x1b[01;36m\x1b[Knote: \x1b[m\x1b[Kcandidate: \xe2\x80\x98\x1b[01m\x1b[Ktemplate<long unsigned int _Int, class _Tp1, class _Tp2> constexpr const typename std::tuple_element<_Int, std::pair<_Tp1, _Tp2> >::type& std::get(const std::pair<_Tp1, _Tp2>&)\x1b[m\x1b[K\xe2\x80\x99\n'}
[2.740656] (robot_waypoint_pkg) StderrLine: {'line': b'  233 |     \x1b[01;36m\x1b[Kget\x1b[m\x1b[K(const pair<_Tp1, _Tp2>& __in) noexcept\n'}
[2.740729] (robot_waypoint_pkg) StderrLine: {'line': b'      |     \x1b[01;36m\x1b[K^~~\x1b[m\x1b[K\n'}
[2.740801] (robot_waypoint_pkg) StderrLine: {'line': b'\x1b[01m\x1b[K/usr/include/c++/11/utility:233:5:\x1b[m\x1b[K \x1b[01;36m\x1b[Knote: \x1b[m\x1b[K  template argument deduction/substitution failed:\n'}
[2.740876] (robot_waypoint_pkg) StderrLine: {'line': b'\x1b[01m\x1b[K/home/syafihidayat/Documents/robot_smoothing/src/robot_waypoint_pkg/src/robot_waypoint.cpp:98:52:\x1b[m\x1b[K \x1b[01;36m\x1b[Knote: \x1b[m\x1b[K  \xe2\x80\x98\x1b[01m\x1b[K__gnu_cxx::__alloc_traits<std::allocator<std::tuple<double, double, double> >, std::tuple<double, double, double> >::value_type\x1b[m\x1b[K\xe2\x80\x99 {aka \xe2\x80\x98\x1b[01m\x1b[Kstd::tuple<double, double, double>\x1b[m\x1b[K\xe2\x80\x99} is not derived from \xe2\x80\x98\x1b[01m\x1b[Kconst std::pair<_Tp1, _Tp2>\x1b[m\x1b[K\xe2\x80\x99\n'}
[2.740974] (robot_waypoint_pkg) StderrLine: {'line': b'   98 |     speed_msg.data = static_cast<float>(\x1b[01;36m\x1b[Kstd::get<3>(waypoint[current_waypoint_index])\x1b[m\x1b[K);\n'}
[2.741049] (robot_waypoint_pkg) StderrLine: {'line': b'      |                                         \x1b[01;36m\x1b[K~~~~~~~~~~~^~~~~~~~~~~~~~~~~~~~~~~~~~~~~~~~~~\x1b[m\x1b[K\n'}
[2.741121] (robot_waypoint_pkg) StderrLine: {'line': b'In file included from \x1b[01m\x1b[K/usr/include/c++/11/bits/unique_ptr.h:36\x1b[m\x1b[K,\n'}
[2.741200] (robot_waypoint_pkg) StderrLine: {'line': b'                 from \x1b[01m\x1b[K/usr/include/c++/11/memory:76\x1b[m\x1b[K,\n'}
[2.741274] (robot_waypoint_pkg) StderrLine: {'line': b'                 from \x1b[01m\x1b[K/opt/ros/humble/include/rclcpp/rclcpp/rclcpp.hpp:153\x1b[m\x1b[K,\n'}
[2.741346] (robot_waypoint_pkg) StderrLine: {'line': b'                 from \x1b[01m\x1b[K/home/syafihidayat/Documents/robot_smoothing/src/robot_waypoint_pkg/src/robot_waypoint.cpp:2\x1b[m\x1b[K:\n'}
[2.741419] (robot_waypoint_pkg) StderrLine: {'line': b'\x1b[01m\x1b[K/usr/include/c++/11/utility:238:5:\x1b[m\x1b[K \x1b[01;36m\x1b[Knote: \x1b[m\x1b[Kcandidate: \xe2\x80\x98\x1b[01m\x1b[Ktemplate<long unsigned int _Int, class _Tp1, class _Tp2> constexpr const typename std::tuple_element<_Int, std::pair<_Tp1, _Tp2> >::type&& std::get(const std::pair<_Tp1, _Tp2>&&)\x1b[m\x1b[K\xe2\x80\x99\n'}
[2.741499] (robot_waypoint_pkg) StderrLine: {'line': b'  238 |     \x1b[01;36m\x1b[Kget\x1b[m\x1b[K(const pair<_Tp1, _Tp2>&& __in) noexcept\n'}
[2.741572] (robot_waypoint_pkg) StderrLine: {'line': b'      |     \x1b[01;36m\x1b[K^~~\x1b[m\x1b[K\n'}
[2.741644] (robot_waypoint_pkg) StderrLine: {'line': b'\x1b[01m\x1b[K/usr/include/c++/11/utility:238:5:\x1b[m\x1b[K \x1b[01;36m\x1b[Knote: \x1b[m\x1b[K  template argument deduction/substitution failed:\n'}
[2.741716] (robot_waypoint_pkg) StderrLine: {'line': b'\x1b[01m\x1b[K/home/syafihidayat/Documents/robot_smoothing/src/robot_waypoint_pkg/src/robot_waypoint.cpp:98:52:\x1b[m\x1b[K \x1b[01;36m\x1b[Knote: \x1b[m\x1b[K  \xe2\x80\x98\x1b[01m\x1b[K__gnu_cxx::__alloc_traits<std::allocator<std::tuple<double, double, double> >, std::tuple<double, double, double> >::value_type\x1b[m\x1b[K\xe2\x80\x99 {aka \xe2\x80\x98\x1b[01m\x1b[Kstd::tuple<double, double, double>\x1b[m\x1b[K\xe2\x80\x99} is not derived from \xe2\x80\x98\x1b[01m\x1b[Kconst std::pair<_Tp1, _Tp2>\x1b[m\x1b[K\xe2\x80\x99\n'}
[2.741811] (robot_waypoint_pkg) StderrLine: {'line': b'   98 |     speed_msg.data = static_cast<float>(\x1b[01;36m\x1b[Kstd::get<3>(waypoint[current_waypoint_index])\x1b[m\x1b[K);\n'}
[2.741884] (robot_waypoint_pkg) StderrLine: {'line': b'      |                                         \x1b[01;36m\x1b[K~~~~~~~~~~~^~~~~~~~~~~~~~~~~~~~~~~~~~~~~~~~~~\x1b[m\x1b[K\n'}
[2.741970] (robot_waypoint_pkg) StderrLine: {'line': b'In file included from \x1b[01m\x1b[K/usr/include/c++/11/bits/unique_ptr.h:36\x1b[m\x1b[K,\n'}
[2.742046] (robot_waypoint_pkg) StderrLine: {'line': b'                 from \x1b[01m\x1b[K/usr/include/c++/11/memory:76\x1b[m\x1b[K,\n'}
[2.742120] (robot_waypoint_pkg) StderrLine: {'line': b'                 from \x1b[01m\x1b[K/opt/ros/humble/include/rclcpp/rclcpp/rclcpp.hpp:153\x1b[m\x1b[K,\n'}
[2.742193] (robot_waypoint_pkg) StderrLine: {'line': b'                 from \x1b[01m\x1b[K/home/syafihidayat/Documents/robot_smoothing/src/robot_waypoint_pkg/src/robot_waypoint.cpp:2\x1b[m\x1b[K:\n'}
[2.742266] (robot_waypoint_pkg) StderrLine: {'line': b'\x1b[01m\x1b[K/usr/include/c++/11/utility:247:5:\x1b[m\x1b[K \x1b[01;36m\x1b[Knote: \x1b[m\x1b[Kcandidate: \xe2\x80\x98\x1b[01m\x1b[Ktemplate<class _Tp, class _Up> constexpr _Tp& std::get(std::pair<_T1, _T2>&)\x1b[m\x1b[K\xe2\x80\x99\n'}
[2.742340] (robot_waypoint_pkg) StderrLine: {'line': b'  247 |     \x1b[01;36m\x1b[Kget\x1b[m\x1b[K(pair<_Tp, _Up>& __p) noexcept\n'}
[2.742412] (robot_waypoint_pkg) StderrLine: {'line': b'      |     \x1b[01;36m\x1b[K^~~\x1b[m\x1b[K\n'}
[2.742484] (robot_waypoint_pkg) StderrLine: {'line': b'\x1b[01m\x1b[K/usr/include/c++/11/utility:247:5:\x1b[m\x1b[K \x1b[01;36m\x1b[Knote: \x1b[m\x1b[K  template argument deduction/substitution failed:\n'}
[2.742556] (robot_waypoint_pkg) StderrLine: {'line': b'\x1b[01m\x1b[K/home/syafihidayat/Documents/robot_smoothing/src/robot_waypoint_pkg/src/robot_waypoint.cpp:98:52:\x1b[m\x1b[K \x1b[01;31m\x1b[Kerror: \x1b[m\x1b[Ktype/value mismatch at argument 1 in template parameter list for \xe2\x80\x98\x1b[01m\x1b[Ktemplate<class _Tp, class _Up> constexpr _Tp& std::get(std::pair<_T1, _T2>&)\x1b[m\x1b[K\xe2\x80\x99\n'}
[2.742630] (robot_waypoint_pkg) StderrLine: {'line': b'   98 |     speed_msg.data = static_cast<float>(\x1b[01;31m\x1b[Kstd::get<3>(waypoint[current_waypoint_index])\x1b[m\x1b[K);\n'}
[2.742703] (robot_waypoint_pkg) StderrLine: {'line': b'      |                                         \x1b[01;31m\x1b[K~~~~~~~~~~~^~~~~~~~~~~~~~~~~~~~~~~~~~~~~~~~~~\x1b[m\x1b[K\n'}
[2.742775] (robot_waypoint_pkg) StderrLine: {'line': b'\x1b[01m\x1b[K/home/syafihidayat/Documents/robot_smoothing/src/robot_waypoint_pkg/src/robot_waypoint.cpp:98:52:\x1b[m\x1b[K \x1b[01;36m\x1b[Knote: \x1b[m\x1b[K  expected a type, got \xe2\x80\x98\x1b[01m\x1b[K3\x1b[m\x1b[K\xe2\x80\x99\n'}
[2.742849] (robot_waypoint_pkg) StderrLine: {'line': b'In file included from \x1b[01m\x1b[K/usr/include/c++/11/bits/unique_ptr.h:36\x1b[m\x1b[K,\n'}
[2.742926] (robot_waypoint_pkg) StderrLine: {'line': b'                 from \x1b[01m\x1b[K/usr/include/c++/11/memory:76\x1b[m\x1b[K,\n'}
[2.743023] (robot_waypoint_pkg) StderrLine: {'line': b'                 from \x1b[01m\x1b[K/opt/ros/humble/include/rclcpp/rclcpp/rclcpp.hpp:153\x1b[m\x1b[K,\n'}
[2.743100] (robot_waypoint_pkg) StderrLine: {'line': b'                 from \x1b[01m\x1b[K/home/syafihidayat/Documents/robot_smoothing/src/robot_waypoint_pkg/src/robot_waypoint.cpp:2\x1b[m\x1b[K:\n'}
[2.743176] (robot_waypoint_pkg) StderrLine: {'line': b'\x1b[01m\x1b[K/usr/include/c++/11/utility:252:5:\x1b[m\x1b[K \x1b[01;36m\x1b[Knote: \x1b[m\x1b[Kcandidate: \xe2\x80\x98\x1b[01m\x1b[Ktemplate<class _Tp, class _Up> constexpr const _Tp& std::get(const std::pair<_T1, _T2>&)\x1b[m\x1b[K\xe2\x80\x99\n'}
[2.743254] (robot_waypoint_pkg) StderrLine: {'line': b'  252 |     \x1b[01;36m\x1b[Kget\x1b[m\x1b[K(const pair<_Tp, _Up>& __p) noexcept\n'}
[2.743330] (robot_waypoint_pkg) StderrLine: {'line': b'      |     \x1b[01;36m\x1b[K^~~\x1b[m\x1b[K\n'}
[2.743405] (robot_waypoint_pkg) StderrLine: {'line': b'\x1b[01m\x1b[K/usr/include/c++/11/utility:252:5:\x1b[m\x1b[K \x1b[01;36m\x1b[Knote: \x1b[m\x1b[K  template argument deduction/substitution failed:\n'}
[2.743481] (robot_waypoint_pkg) StderrLine: {'line': b'\x1b[01m\x1b[K/home/syafihidayat/Documents/robot_smoothing/src/robot_waypoint_pkg/src/robot_waypoint.cpp:98:52:\x1b[m\x1b[K \x1b[01;31m\x1b[Kerror: \x1b[m\x1b[Ktype/value mismatch at argument 1 in template parameter list for \xe2\x80\x98\x1b[01m\x1b[Ktemplate<class _Tp, class _Up> constexpr const _Tp& std::get(const std::pair<_T1, _T2>&)\x1b[m\x1b[K\xe2\x80\x99\n'}
[2.743575] (robot_waypoint_pkg) StderrLine: {'line': b'   98 |     speed_msg.data = static_cast<float>(\x1b[01;31m\x1b[Kstd::get<3>(waypoint[current_waypoint_index])\x1b[m\x1b[K);\n'}
[2.743651] (robot_waypoint_pkg) StderrLine: {'line': b'      |                                         \x1b[01;31m\x1b[K~~~~~~~~~~~^~~~~~~~~~~~~~~~~~~~~~~~~~~~~~~~~~\x1b[m\x1b[K\n'}
[2.743726] (robot_waypoint_pkg) StderrLine: {'line': b'\x1b[01m\x1b[K/home/syafihidayat/Documents/robot_smoothing/src/robot_waypoint_pkg/src/robot_waypoint.cpp:98:52:\x1b[m\x1b[K \x1b[01;36m\x1b[Knote: \x1b[m\x1b[K  expected a type, got \xe2\x80\x98\x1b[01m\x1b[K3\x1b[m\x1b[K\xe2\x80\x99\n'}
[2.743805] (robot_waypoint_pkg) StderrLine: {'line': b'In file included from \x1b[01m\x1b[K/usr/include/c++/11/bits/unique_ptr.h:36\x1b[m\x1b[K,\n'}
[2.743881] (robot_waypoint_pkg) StderrLine: {'line': b'                 from \x1b[01m\x1b[K/usr/include/c++/11/memory:76\x1b[m\x1b[K,\n'}
[2.743971] (robot_waypoint_pkg) StderrLine: {'line': b'                 from \x1b[01m\x1b[K/opt/ros/humble/include/rclcpp/rclcpp/rclcpp.hpp:153\x1b[m\x1b[K,\n'}
[2.744049] (robot_waypoint_pkg) StderrLine: {'line': b'                 from \x1b[01m\x1b[K/home/syafihidayat/Documents/robot_smoothing/src/robot_waypoint_pkg/src/robot_waypoint.cpp:2\x1b[m\x1b[K:\n'}
[2.744124] (robot_waypoint_pkg) StderrLine: {'line': b'\x1b[01m\x1b[K/usr/include/c++/11/utility:257:5:\x1b[m\x1b[K \x1b[01;36m\x1b[Knote: \x1b[m\x1b[Kcandidate: \xe2\x80\x98\x1b[01m\x1b[Ktemplate<class _Tp, class _Up> constexpr _Tp&& std::get(std::pair<_T1, _T2>&&)\x1b[m\x1b[K\xe2\x80\x99\n'}
[2.744209] (robot_waypoint_pkg) StderrLine: {'line': b'  257 |     \x1b[01;36m\x1b[Kget\x1b[m\x1b[K(pair<_Tp, _Up>&& __p) noexcept\n'}
[2.744290] (robot_waypoint_pkg) StderrLine: {'line': b'      |     \x1b[01;36m\x1b[K^~~\x1b[m\x1b[K\n'}
[2.744366] (robot_waypoint_pkg) StderrLine: {'line': b'\x1b[01m\x1b[K/usr/include/c++/11/utility:257:5:\x1b[m\x1b[K \x1b[01;36m\x1b[Knote: \x1b[m\x1b[K  template argument deduction/substitution failed:\n'}
[2.744441] (robot_waypoint_pkg) StderrLine: {'line': b'\x1b[01m\x1b[K/home/syafihidayat/Documents/robot_smoothing/src/robot_waypoint_pkg/src/robot_waypoint.cpp:98:52:\x1b[m\x1b[K \x1b[01;31m\x1b[Kerror: \x1b[m\x1b[Ktype/value mismatch at argument 1 in template parameter list for \xe2\x80\x98\x1b[01m\x1b[Ktemplate<class _Tp, class _Up> constexpr _Tp&& std::get(std::pair<_T1, _T2>&&)\x1b[m\x1b[K\xe2\x80\x99\n'}
[2.744523] (robot_waypoint_pkg) StderrLine: {'line': b'   98 |     speed_msg.data = static_cast<float>(\x1b[01;31m\x1b[Kstd::get<3>(waypoint[current_waypoint_index])\x1b[m\x1b[K);\n'}
[2.744600] (robot_waypoint_pkg) StderrLine: {'line': b'      |                                         \x1b[01;31m\x1b[K~~~~~~~~~~~^~~~~~~~~~~~~~~~~~~~~~~~~~~~~~~~~~\x1b[m\x1b[K\n'}
[2.744675] (robot_waypoint_pkg) StderrLine: {'line': b'\x1b[01m\x1b[K/home/syafihidayat/Documents/robot_smoothing/src/robot_waypoint_pkg/src/robot_waypoint.cpp:98:52:\x1b[m\x1b[K \x1b[01;36m\x1b[Knote: \x1b[m\x1b[K  expected a type, got \xe2\x80\x98\x1b[01m\x1b[K3\x1b[m\x1b[K\xe2\x80\x99\n'}
[2.744750] (robot_waypoint_pkg) StderrLine: {'line': b'In file included from \x1b[01m\x1b[K/usr/include/c++/11/bits/unique_ptr.h:36\x1b[m\x1b[K,\n'}
[2.744829] (robot_waypoint_pkg) StderrLine: {'line': b'                 from \x1b[01m\x1b[K/usr/include/c++/11/memory:76\x1b[m\x1b[K,\n'}
[2.744904] (robot_waypoint_pkg) StderrLine: {'line': b'                 from \x1b[01m\x1b[K/opt/ros/humble/include/rclcpp/rclcpp/rclcpp.hpp:153\x1b[m\x1b[K,\n'}
[2.744992] (robot_waypoint_pkg) StderrLine: {'line': b'                 from \x1b[01m\x1b[K/home/syafihidayat/Documents/robot_smoothing/src/robot_waypoint_pkg/src/robot_waypoint.cpp:2\x1b[m\x1b[K:\n'}
[2.745068] (robot_waypoint_pkg) StderrLine: {'line': b'\x1b[01m\x1b[K/usr/include/c++/11/utility:262:5:\x1b[m\x1b[K \x1b[01;36m\x1b[Knote: \x1b[m\x1b[Kcandidate: \xe2\x80\x98\x1b[01m\x1b[Ktemplate<class _Tp, class _Up> constexpr const _Tp&& std::get(const std::pair<_T1, _T2>&&)\x1b[m\x1b[K\xe2\x80\x99\n'}
[2.745144] (robot_waypoint_pkg) StderrLine: {'line': b'  262 |     \x1b[01;36m\x1b[Kget\x1b[m\x1b[K(const pair<_Tp, _Up>&& __p) noexcept\n'}
[2.745219] (robot_waypoint_pkg) StderrLine: {'line': b'      |     \x1b[01;36m\x1b[K^~~\x1b[m\x1b[K\n'}
[2.745294] (robot_waypoint_pkg) StderrLine: {'line': b'\x1b[01m\x1b[K/usr/include/c++/11/utility:262:5:\x1b[m\x1b[K \x1b[01;36m\x1b[Knote: \x1b[m\x1b[K  template argument deduction/substitution failed:\n'}
[2.745370] (robot_waypoint_pkg) StderrLine: {'line': b'\x1b[01m\x1b[K/home/syafihidayat/Documents/robot_smoothing/src/robot_waypoint_pkg/src/robot_waypoint.cpp:98:52:\x1b[m\x1b[K \x1b[01;31m\x1b[Kerror: \x1b[m\x1b[Ktype/value mismatch at argument 1 in template parameter list for \xe2\x80\x98\x1b[01m\x1b[Ktemplate<class _Tp, class _Up> constexpr const _Tp&& std::get(const std::pair<_T1, _T2>&&)\x1b[m\x1b[K\xe2\x80\x99\n'}
[2.745447] (robot_waypoint_pkg) StderrLine: {'line': b'   98 |     speed_msg.data = static_cast<float>(\x1b[01;31m\x1b[Kstd::get<3>(waypoint[current_waypoint_index])\x1b[m\x1b[K);\n'}
[2.745522] (robot_waypoint_pkg) StderrLine: {'line': b'      |                                         \x1b[01;31m\x1b[K~~~~~~~~~~~^~~~~~~~~~~~~~~~~~~~~~~~~~~~~~~~~~\x1b[m\x1b[K\n'}
[2.745597] (robot_waypoint_pkg) StderrLine: {'line': b'\x1b[01m\x1b[K/home/syafihidayat/Documents/robot_smoothing/src/robot_waypoint_pkg/src/robot_waypoint.cpp:98:52:\x1b[m\x1b[K \x1b[01;36m\x1b[Knote: \x1b[m\x1b[K  expected a type, got \xe2\x80\x98\x1b[01m\x1b[K3\x1b[m\x1b[K\xe2\x80\x99\n'}
[2.745672] (robot_waypoint_pkg) StderrLine: {'line': b'In file included from \x1b[01m\x1b[K/usr/include/c++/11/bits/unique_ptr.h:36\x1b[m\x1b[K,\n'}
[2.745747] (robot_waypoint_pkg) StderrLine: {'line': b'                 from \x1b[01m\x1b[K/usr/include/c++/11/memory:76\x1b[m\x1b[K,\n'}
[2.745828] (robot_waypoint_pkg) StderrLine: {'line': b'                 from \x1b[01m\x1b[K/opt/ros/humble/include/rclcpp/rclcpp/rclcpp.hpp:153\x1b[m\x1b[K,\n'}
[2.745902] (robot_waypoint_pkg) StderrLine: {'line': b'                 from \x1b[01m\x1b[K/home/syafihidayat/Documents/robot_smoothing/src/robot_waypoint_pkg/src/robot_waypoint.cpp:2\x1b[m\x1b[K:\n'}
[2.746001] (robot_waypoint_pkg) StderrLine: {'line': b'\x1b[01m\x1b[K/usr/include/c++/11/utility:267:5:\x1b[m\x1b[K \x1b[01;36m\x1b[Knote: \x1b[m\x1b[Kcandidate: \xe2\x80\x98\x1b[01m\x1b[Ktemplate<class _Tp, class _Up> constexpr _Tp& std::get(std::pair<_Up, _Tp>&)\x1b[m\x1b[K\xe2\x80\x99\n'}
[2.746083] (robot_waypoint_pkg) StderrLine: {'line': b'  267 |     \x1b[01;36m\x1b[Kget\x1b[m\x1b[K(pair<_Up, _Tp>& __p) noexcept\n'}
[2.746158] (robot_waypoint_pkg) StderrLine: {'line': b'      |     \x1b[01;36m\x1b[K^~~\x1b[m\x1b[K\n'}
[2.746233] (robot_waypoint_pkg) StderrLine: {'line': b'\x1b[01m\x1b[K/usr/include/c++/11/utility:267:5:\x1b[m\x1b[K \x1b[01;36m\x1b[Knote: \x1b[m\x1b[K  template argument deduction/substitution failed:\n'}
[2.746309] (robot_waypoint_pkg) StderrLine: {'line': b'\x1b[01m\x1b[K/home/syafihidayat/Documents/robot_smoothing/src/robot_waypoint_pkg/src/robot_waypoint.cpp:98:52:\x1b[m\x1b[K \x1b[01;31m\x1b[Kerror: \x1b[m\x1b[Ktype/value mismatch at argument 1 in template parameter list for \xe2\x80\x98\x1b[01m\x1b[Ktemplate<class _Tp, class _Up> constexpr _Tp& std::get(std::pair<_Up, _Tp>&)\x1b[m\x1b[K\xe2\x80\x99\n'}
[2.746386] (robot_waypoint_pkg) StderrLine: {'line': b'   98 |     speed_msg.data = static_cast<float>(\x1b[01;31m\x1b[Kstd::get<3>(waypoint[current_waypoint_index])\x1b[m\x1b[K);\n'}
[2.746461] (robot_waypoint_pkg) StderrLine: {'line': b'      |                                         \x1b[01;31m\x1b[K~~~~~~~~~~~^~~~~~~~~~~~~~~~~~~~~~~~~~~~~~~~~~\x1b[m\x1b[K\n'}
[2.746537] (robot_waypoint_pkg) StderrLine: {'line': b'\x1b[01m\x1b[K/home/syafihidayat/Documents/robot_smoothing/src/robot_waypoint_pkg/src/robot_waypoint.cpp:98:52:\x1b[m\x1b[K \x1b[01;36m\x1b[Knote: \x1b[m\x1b[K  expected a type, got \xe2\x80\x98\x1b[01m\x1b[K3\x1b[m\x1b[K\xe2\x80\x99\n'}
[2.746612] (robot_waypoint_pkg) StderrLine: {'line': b'In file included from \x1b[01m\x1b[K/usr/include/c++/11/bits/unique_ptr.h:36\x1b[m\x1b[K,\n'}
[2.746687] (robot_waypoint_pkg) StderrLine: {'line': b'                 from \x1b[01m\x1b[K/usr/include/c++/11/memory:76\x1b[m\x1b[K,\n'}
[2.746763] (robot_waypoint_pkg) StderrLine: {'line': b'                 from \x1b[01m\x1b[K/opt/ros/humble/include/rclcpp/rclcpp/rclcpp.hpp:153\x1b[m\x1b[K,\n'}
[2.746850] (robot_waypoint_pkg) StderrLine: {'line': b'                 from \x1b[01m\x1b[K/home/syafihidayat/Documents/robot_smoothing/src/robot_waypoint_pkg/src/robot_waypoint.cpp:2\x1b[m\x1b[K:\n'}
[2.746940] (robot_waypoint_pkg) StderrLine: {'line': b'\x1b[01m\x1b[K/usr/include/c++/11/utility:272:5:\x1b[m\x1b[K \x1b[01;36m\x1b[Knote: \x1b[m\x1b[Kcandidate: \xe2\x80\x98\x1b[01m\x1b[Ktemplate<class _Tp, class _Up> constexpr const _Tp& std::get(const std::pair<_Up, _Tp>&)\x1b[m\x1b[K\xe2\x80\x99\n'}
[2.747025] (robot_waypoint_pkg) StderrLine: {'line': b'  272 |     \x1b[01;36m\x1b[Kget\x1b[m\x1b[K(const pair<_Up, _Tp>& __p) noexcept\n'}
[2.747100] (robot_waypoint_pkg) StderrLine: {'line': b'      |     \x1b[01;36m\x1b[K^~~\x1b[m\x1b[K\n'}
[2.747180] (robot_waypoint_pkg) StderrLine: {'line': b'\x1b[01m\x1b[K/usr/include/c++/11/utility:272:5:\x1b[m\x1b[K \x1b[01;36m\x1b[Knote: \x1b[m\x1b[K  template argument deduction/substitution failed:\n'}
[2.747256] (robot_waypoint_pkg) StderrLine: {'line': b'\x1b[01m\x1b[K/home/syafihidayat/Documents/robot_smoothing/src/robot_waypoint_pkg/src/robot_waypoint.cpp:98:52:\x1b[m\x1b[K \x1b[01;31m\x1b[Kerror: \x1b[m\x1b[Ktype/value mismatch at argument 1 in template parameter list for \xe2\x80\x98\x1b[01m\x1b[Ktemplate<class _Tp, class _Up> constexpr const _Tp& std::get(const std::pair<_Up, _Tp>&)\x1b[m\x1b[K\xe2\x80\x99\n'}
[2.747333] (robot_waypoint_pkg) StderrLine: {'line': b'   98 |     speed_msg.data = static_cast<float>(\x1b[01;31m\x1b[Kstd::get<3>(waypoint[current_waypoint_index])\x1b[m\x1b[K);\n'}
[2.747408] (robot_waypoint_pkg) StderrLine: {'line': b'      |                                         \x1b[01;31m\x1b[K~~~~~~~~~~~^~~~~~~~~~~~~~~~~~~~~~~~~~~~~~~~~~\x1b[m\x1b[K\n'}
[2.747484] (robot_waypoint_pkg) StderrLine: {'line': b'\x1b[01m\x1b[K/home/syafihidayat/Documents/robot_smoothing/src/robot_waypoint_pkg/src/robot_waypoint.cpp:98:52:\x1b[m\x1b[K \x1b[01;36m\x1b[Knote: \x1b[m\x1b[K  expected a type, got \xe2\x80\x98\x1b[01m\x1b[K3\x1b[m\x1b[K\xe2\x80\x99\n'}
[2.747559] (robot_waypoint_pkg) StderrLine: {'line': b'In file included from \x1b[01m\x1b[K/usr/include/c++/11/bits/unique_ptr.h:36\x1b[m\x1b[K,\n'}
[2.747640] (robot_waypoint_pkg) StderrLine: {'line': b'                 from \x1b[01m\x1b[K/usr/include/c++/11/memory:76\x1b[m\x1b[K,\n'}
[2.747715] (robot_waypoint_pkg) StderrLine: {'line': b'                 from \x1b[01m\x1b[K/opt/ros/humble/include/rclcpp/rclcpp/rclcpp.hpp:153\x1b[m\x1b[K,\n'}
[2.747792] (robot_waypoint_pkg) StderrLine: {'line': b'                 from \x1b[01m\x1b[K/home/syafihidayat/Documents/robot_smoothing/src/robot_waypoint_pkg/src/robot_waypoint.cpp:2\x1b[m\x1b[K:\n'}
[2.747867] (robot_waypoint_pkg) StderrLine: {'line': b'\x1b[01m\x1b[K/usr/include/c++/11/utility:277:5:\x1b[m\x1b[K \x1b[01;36m\x1b[Knote: \x1b[m\x1b[Kcandidate: \xe2\x80\x98\x1b[01m\x1b[Ktemplate<class _Tp, class _Up> constexpr _Tp&& std::get(std::pair<_Up, _Tp>&&)\x1b[m\x1b[K\xe2\x80\x99\n'}
[2.747954] (robot_waypoint_pkg) StderrLine: {'line': b'  277 |     \x1b[01;36m\x1b[Kget\x1b[m\x1b[K(pair<_Up, _Tp>&& __p) noexcept\n'}
[2.748033] (robot_waypoint_pkg) StderrLine: {'line': b'      |     \x1b[01;36m\x1b[K^~~\x1b[m\x1b[K\n'}
[2.748108] (robot_waypoint_pkg) StderrLine: {'line': b'\x1b[01m\x1b[K/usr/include/c++/11/utility:277:5:\x1b[m\x1b[K \x1b[01;36m\x1b[Knote: \x1b[m\x1b[K  template argument deduction/substitution failed:\n'}
[2.748183] (robot_waypoint_pkg) StderrLine: {'line': b'\x1b[01m\x1b[K/home/syafihidayat/Documents/robot_smoothing/src/robot_waypoint_pkg/src/robot_waypoint.cpp:98:52:\x1b[m\x1b[K \x1b[01;31m\x1b[Kerror: \x1b[m\x1b[Ktype/value mismatch at argument 1 in template parameter list for \xe2\x80\x98\x1b[01m\x1b[Ktemplate<class _Tp, class _Up> constexpr _Tp&& std::get(std::pair<_Up, _Tp>&&)\x1b[m\x1b[K\xe2\x80\x99\n'}
[2.748260] (robot_waypoint_pkg) StderrLine: {'line': b'   98 |     speed_msg.data = static_cast<float>(\x1b[01;31m\x1b[Kstd::get<3>(waypoint[current_waypoint_index])\x1b[m\x1b[K);\n'}
[2.748341] (robot_waypoint_pkg) StderrLine: {'line': b'      |                                         \x1b[01;31m\x1b[K~~~~~~~~~~~^~~~~~~~~~~~~~~~~~~~~~~~~~~~~~~~~~\x1b[m\x1b[K\n'}
[2.748417] (robot_waypoint_pkg) StderrLine: {'line': b'\x1b[01m\x1b[K/home/syafihidayat/Documents/robot_smoothing/src/robot_waypoint_pkg/src/robot_waypoint.cpp:98:52:\x1b[m\x1b[K \x1b[01;36m\x1b[Knote: \x1b[m\x1b[K  expected a type, got \xe2\x80\x98\x1b[01m\x1b[K3\x1b[m\x1b[K\xe2\x80\x99\n'}
[2.748493] (robot_waypoint_pkg) StderrLine: {'line': b'In file included from \x1b[01m\x1b[K/usr/include/c++/11/bits/unique_ptr.h:36\x1b[m\x1b[K,\n'}
[2.748567] (robot_waypoint_pkg) StderrLine: {'line': b'                 from \x1b[01m\x1b[K/usr/include/c++/11/memory:76\x1b[m\x1b[K,\n'}
[2.748643] (robot_waypoint_pkg) StderrLine: {'line': b'                 from \x1b[01m\x1b[K/opt/ros/humble/include/rclcpp/rclcpp/rclcpp.hpp:153\x1b[m\x1b[K,\n'}
[2.748718] (robot_waypoint_pkg) StderrLine: {'line': b'                 from \x1b[01m\x1b[K/home/syafihidayat/Documents/robot_smoothing/src/robot_waypoint_pkg/src/robot_waypoint.cpp:2\x1b[m\x1b[K:\n'}
[2.748793] (robot_waypoint_pkg) StderrLine: {'line': b'\x1b[01m\x1b[K/usr/include/c++/11/utility:282:5:\x1b[m\x1b[K \x1b[01;36m\x1b[Knote: \x1b[m\x1b[Kcandidate: \xe2\x80\x98\x1b[01m\x1b[Ktemplate<class _Tp, class _Up> constexpr const _Tp&& std::get(const std::pair<_Up, _Tp>&&)\x1b[m\x1b[K\xe2\x80\x99\n'}
[2.748869] (robot_waypoint_pkg) StderrLine: {'line': b'  282 |     \x1b[01;36m\x1b[Kget\x1b[m\x1b[K(const pair<_Up, _Tp>&& __p) noexcept\n'}
[2.748955] (robot_waypoint_pkg) StderrLine: {'line': b'      |     \x1b[01;36m\x1b[K^~~\x1b[m\x1b[K\n'}
[2.749034] (robot_waypoint_pkg) StderrLine: {'line': b'\x1b[01m\x1b[K/usr/include/c++/11/utility:282:5:\x1b[m\x1b[K \x1b[01;36m\x1b[Knote: \x1b[m\x1b[K  template argument deduction/substitution failed:\n'}
[2.749109] (robot_waypoint_pkg) StderrLine: {'line': b'\x1b[01m\x1b[K/home/syafihidayat/Documents/robot_smoothing/src/robot_waypoint_pkg/src/robot_waypoint.cpp:98:52:\x1b[m\x1b[K \x1b[01;31m\x1b[Kerror: \x1b[m\x1b[Ktype/value mismatch at argument 1 in template parameter list for \xe2\x80\x98\x1b[01m\x1b[Ktemplate<class _Tp, class _Up> constexpr const _Tp&& std::get(const std::pair<_Up, _Tp>&&)\x1b[m\x1b[K\xe2\x80\x99\n'}
[2.749196] (robot_waypoint_pkg) StderrLine: {'line': b'   98 |     speed_msg.data = static_cast<float>(\x1b[01;31m\x1b[Kstd::get<3>(waypoint[current_waypoint_index])\x1b[m\x1b[K);\n'}
[2.749270] (robot_waypoint_pkg) StderrLine: {'line': b'      |                                         \x1b[01;31m\x1b[K~~~~~~~~~~~^~~~~~~~~~~~~~~~~~~~~~~~~~~~~~~~~~\x1b[m\x1b[K\n'}
[2.749353] (robot_waypoint_pkg) StderrLine: {'line': b'\x1b[01m\x1b[K/home/syafihidayat/Documents/robot_smoothing/src/robot_waypoint_pkg/src/robot_waypoint.cpp:98:52:\x1b[m\x1b[K \x1b[01;36m\x1b[Knote: \x1b[m\x1b[K  expected a type, got \xe2\x80\x98\x1b[01m\x1b[K3\x1b[m\x1b[K\xe2\x80\x99\n'}
[2.749435] (robot_waypoint_pkg) StderrLine: {'line': b'In file included from \x1b[01m\x1b[K/usr/include/c++/11/tuple:39\x1b[m\x1b[K,\n'}
[2.749510] (robot_waypoint_pkg) StderrLine: {'line': b'                 from \x1b[01m\x1b[K/usr/include/c++/11/bits/unique_ptr.h:37\x1b[m\x1b[K,\n'}
[2.749585] (robot_waypoint_pkg) StderrLine: {'line': b'                 from \x1b[01m\x1b[K/usr/include/c++/11/memory:76\x1b[m\x1b[K,\n'}
[2.749660] (robot_waypoint_pkg) StderrLine: {'line': b'                 from \x1b[01m\x1b[K/opt/ros/humble/include/rclcpp/rclcpp/rclcpp.hpp:153\x1b[m\x1b[K,\n'}
[2.749735] (robot_waypoint_pkg) StderrLine: {'line': b'                 from \x1b[01m\x1b[K/home/syafihidayat/Documents/robot_smoothing/src/robot_waypoint_pkg/src/robot_waypoint.cpp:2\x1b[m\x1b[K:\n'}
[2.749811] (robot_waypoint_pkg) StderrLine: {'line': b'\x1b[01m\x1b[K/usr/include/c++/11/array:361:5:\x1b[m\x1b[K \x1b[01;36m\x1b[Knote: \x1b[m\x1b[Kcandidate: \xe2\x80\x98\x1b[01m\x1b[Ktemplate<long unsigned int _Int, class _Tp, long unsigned int _Nm> constexpr _Tp& std::get(std::array<_Tp, _Nm>&)\x1b[m\x1b[K\xe2\x80\x99\n'}
[2.749889] (robot_waypoint_pkg) StderrLine: {'line': b'  361 |     \x1b[01;36m\x1b[Kget\x1b[m\x1b[K(array<_Tp, _Nm>& __arr) noexcept\n'}
[2.749977] (robot_waypoint_pkg) StderrLine: {'line': b'      |     \x1b[01;36m\x1b[K^~~\x1b[m\x1b[K\n'}
[2.750055] (robot_waypoint_pkg) StderrLine: {'line': b'\x1b[01m\x1b[K/usr/include/c++/11/array:361:5:\x1b[m\x1b[K \x1b[01;36m\x1b[Knote: \x1b[m\x1b[K  template argument deduction/substitution failed:\n'}
[2.750130] (robot_waypoint_pkg) StderrLine: {'line': b'\x1b[01m\x1b[K/home/syafihidayat/Documents/robot_smoothing/src/robot_waypoint_pkg/src/robot_waypoint.cpp:98:52:\x1b[m\x1b[K \x1b[01;36m\x1b[Knote: \x1b[m\x1b[K  \xe2\x80\x98\x1b[01m\x1b[K__gnu_cxx::__alloc_traits<std::allocator<std::tuple<double, double, double> >, std::tuple<double, double, double> >::value_type\x1b[m\x1b[K\xe2\x80\x99 {aka \xe2\x80\x98\x1b[01m\x1b[Kstd::tuple<double, double, double>\x1b[m\x1b[K\xe2\x80\x99} is not derived from \xe2\x80\x98\x1b[01m\x1b[Kstd::array<_Tp, _Nm>\x1b[m\x1b[K\xe2\x80\x99\n'}
[2.750214] (robot_waypoint_pkg) StderrLine: {'line': b'   98 |     speed_msg.data = static_cast<float>(\x1b[01;36m\x1b[Kstd::get<3>(waypoint[current_waypoint_index])\x1b[m\x1b[K);\n'}
[2.750289] (robot_waypoint_pkg) StderrLine: {'line': b'      |                                         \x1b[01;36m\x1b[K~~~~~~~~~~~^~~~~~~~~~~~~~~~~~~~~~~~~~~~~~~~~~\x1b[m\x1b[K\n'}
[2.750366] (robot_waypoint_pkg) StderrLine: {'line': b'In file included from \x1b[01m\x1b[K/usr/include/c++/11/tuple:39\x1b[m\x1b[K,\n'}
[2.750441] (robot_waypoint_pkg) StderrLine: {'line': b'                 from \x1b[01m\x1b[K/usr/include/c++/11/bits/unique_ptr.h:37\x1b[m\x1b[K,\n'}
[2.750516] (robot_waypoint_pkg) StderrLine: {'line': b'                 from \x1b[01m\x1b[K/usr/include/c++/11/memory:76\x1b[m\x1b[K,\n'}
[2.750591] (robot_waypoint_pkg) StderrLine: {'line': b'                 from \x1b[01m\x1b[K/opt/ros/humble/include/rclcpp/rclcpp/rclcpp.hpp:153\x1b[m\x1b[K,\n'}
[2.750666] (robot_waypoint_pkg) StderrLine: {'line': b'                 from \x1b[01m\x1b[K/home/syafihidayat/Documents/robot_smoothing/src/robot_waypoint_pkg/src/robot_waypoint.cpp:2\x1b[m\x1b[K:\n'}
[2.750741] (robot_waypoint_pkg) StderrLine: {'line': b'\x1b[01m\x1b[K/usr/include/c++/11/array:369:5:\x1b[m\x1b[K \x1b[01;36m\x1b[Knote: \x1b[m\x1b[Kcandidate: \xe2\x80\x98\x1b[01m\x1b[Ktemplate<long unsigned int _Int, class _Tp, long unsigned int _Nm> constexpr _Tp&& std::get(std::array<_Tp, _Nm>&&)\x1b[m\x1b[K\xe2\x80\x99\n'}
[2.750844] (robot_waypoint_pkg) StderrLine: {'line': b'  369 |     \x1b[01;36m\x1b[Kget\x1b[m\x1b[K(array<_Tp, _Nm>&& __arr) noexcept\n'}
[2.750925] (robot_waypoint_pkg) StderrLine: {'line': b'      |     \x1b[01;36m\x1b[K^~~\x1b[m\x1b[K\n'}
[2.751012] (robot_waypoint_pkg) StderrLine: {'line': b'\x1b[01m\x1b[K/usr/include/c++/11/array:369:5:\x1b[m\x1b[K \x1b[01;36m\x1b[Knote: \x1b[m\x1b[K  template argument deduction/substitution failed:\n'}
[2.751087] (robot_waypoint_pkg) StderrLine: {'line': b'\x1b[01m\x1b[K/home/syafihidayat/Documents/robot_smoothing/src/robot_waypoint_pkg/src/robot_waypoint.cpp:98:52:\x1b[m\x1b[K \x1b[01;36m\x1b[Knote: \x1b[m\x1b[K  \xe2\x80\x98\x1b[01m\x1b[K__gnu_cxx::__alloc_traits<std::allocator<std::tuple<double, double, double> >, std::tuple<double, double, double> >::value_type\x1b[m\x1b[K\xe2\x80\x99 {aka \xe2\x80\x98\x1b[01m\x1b[Kstd::tuple<double, double, double>\x1b[m\x1b[K\xe2\x80\x99} is not derived from \xe2\x80\x98\x1b[01m\x1b[Kstd::array<_Tp, _Nm>\x1b[m\x1b[K\xe2\x80\x99\n'}
[2.751170] (robot_waypoint_pkg) StderrLine: {'line': b'   98 |     speed_msg.data = static_cast<float>(\x1b[01;36m\x1b[Kstd::get<3>(waypoint[current_waypoint_index])\x1b[m\x1b[K);\n'}
[2.751246] (robot_waypoint_pkg) StderrLine: {'line': b'      |                                         \x1b[01;36m\x1b[K~~~~~~~~~~~^~~~~~~~~~~~~~~~~~~~~~~~~~~~~~~~~~\x1b[m\x1b[K\n'}
[2.751321] (robot_waypoint_pkg) StderrLine: {'line': b'In file included from \x1b[01m\x1b[K/usr/include/c++/11/tuple:39\x1b[m\x1b[K,\n'}
[2.751396] (robot_waypoint_pkg) StderrLine: {'line': b'                 from \x1b[01m\x1b[K/usr/include/c++/11/bits/unique_ptr.h:37\x1b[m\x1b[K,\n'}
[2.751471] (robot_waypoint_pkg) StderrLine: {'line': b'                 from \x1b[01m\x1b[K/usr/include/c++/11/memory:76\x1b[m\x1b[K,\n'}
[2.751546] (robot_waypoint_pkg) StderrLine: {'line': b'                 from \x1b[01m\x1b[K/opt/ros/humble/include/rclcpp/rclcpp/rclcpp.hpp:153\x1b[m\x1b[K,\n'}
[2.751621] (robot_waypoint_pkg) StderrLine: {'line': b'                 from \x1b[01m\x1b[K/home/syafihidayat/Documents/robot_smoothing/src/robot_waypoint_pkg/src/robot_waypoint.cpp:2\x1b[m\x1b[K:\n'}
[2.751696] (robot_waypoint_pkg) StderrLine: {'line': b'\x1b[01m\x1b[K/usr/include/c++/11/array:377:5:\x1b[m\x1b[K \x1b[01;36m\x1b[Knote: \x1b[m\x1b[Kcandidate: \xe2\x80\x98\x1b[01m\x1b[Ktemplate<long unsigned int _Int, class _Tp, long unsigned int _Nm> constexpr const _Tp& std::get(const std::array<_Tp, _Nm>&)\x1b[m\x1b[K\xe2\x80\x99\n'}
[2.751772] (robot_waypoint_pkg) StderrLine: {'line': b'  377 |     \x1b[01;36m\x1b[Kget\x1b[m\x1b[K(const array<_Tp, _Nm>& __arr) noexcept\n'}
[2.751846] (robot_waypoint_pkg) StderrLine: {'line': b'      |     \x1b[01;36m\x1b[K^~~\x1b[m\x1b[K\n'}
[2.751926] (robot_waypoint_pkg) StderrLine: {'line': b'\x1b[01m\x1b[K/usr/include/c++/11/array:377:5:\x1b[m\x1b[K \x1b[01;36m\x1b[Knote: \x1b[m\x1b[K  template argument deduction/substitution failed:\n'}
[2.752013] (robot_waypoint_pkg) StderrLine: {'line': b'\x1b[01m\x1b[K/home/syafihidayat/Documents/robot_smoothing/src/robot_waypoint_pkg/src/robot_waypoint.cpp:98:52:\x1b[m\x1b[K \x1b[01;36m\x1b[Knote: \x1b[m\x1b[K  \xe2\x80\x98\x1b[01m\x1b[K__gnu_cxx::__alloc_traits<std::allocator<std::tuple<double, double, double> >, std::tuple<double, double, double> >::value_type\x1b[m\x1b[K\xe2\x80\x99 {aka \xe2\x80\x98\x1b[01m\x1b[Kstd::tuple<double, double, double>\x1b[m\x1b[K\xe2\x80\x99} is not derived from \xe2\x80\x98\x1b[01m\x1b[Kconst std::array<_Tp, _Nm>\x1b[m\x1b[K\xe2\x80\x99\n'}
[2.752105] (robot_waypoint_pkg) StderrLine: {'line': b'   98 |     speed_msg.data = static_cast<float>(\x1b[01;36m\x1b[Kstd::get<3>(waypoint[current_waypoint_index])\x1b[m\x1b[K);\n'}
[2.752181] (robot_waypoint_pkg) StderrLine: {'line': b'      |                                         \x1b[01;36m\x1b[K~~~~~~~~~~~^~~~~~~~~~~~~~~~~~~~~~~~~~~~~~~~~~\x1b[m\x1b[K\n'}
[2.752262] (robot_waypoint_pkg) StderrLine: {'line': b'In file included from \x1b[01m\x1b[K/usr/include/c++/11/tuple:39\x1b[m\x1b[K,\n'}
[2.752336] (robot_waypoint_pkg) StderrLine: {'line': b'                 from \x1b[01m\x1b[K/usr/include/c++/11/bits/unique_ptr.h:37\x1b[m\x1b[K,\n'}
[2.752411] (robot_waypoint_pkg) StderrLine: {'line': b'                 from \x1b[01m\x1b[K/usr/include/c++/11/memory:76\x1b[m\x1b[K,\n'}
[2.752486] (robot_waypoint_pkg) StderrLine: {'line': b'                 from \x1b[01m\x1b[K/opt/ros/humble/include/rclcpp/rclcpp/rclcpp.hpp:153\x1b[m\x1b[K,\n'}
[2.752560] (robot_waypoint_pkg) StderrLine: {'line': b'                 from \x1b[01m\x1b[K/home/syafihidayat/Documents/robot_smoothing/src/robot_waypoint_pkg/src/robot_waypoint.cpp:2\x1b[m\x1b[K:\n'}
[2.752635] (robot_waypoint_pkg) StderrLine: {'line': b'\x1b[01m\x1b[K/usr/include/c++/11/array:385:5:\x1b[m\x1b[K \x1b[01;36m\x1b[Knote: \x1b[m\x1b[Kcandidate: \xe2\x80\x98\x1b[01m\x1b[Ktemplate<long unsigned int _Int, class _Tp, long unsigned int _Nm> constexpr const _Tp&& std::get(const std::array<_Tp, _Nm>&&)\x1b[m\x1b[K\xe2\x80\x99\n'}
[2.752710] (robot_waypoint_pkg) StderrLine: {'line': b'  385 |     \x1b[01;36m\x1b[Kget\x1b[m\x1b[K(const array<_Tp, _Nm>&& __arr) noexcept\n'}
[2.752787] (robot_waypoint_pkg) StderrLine: {'line': b'      |     \x1b[01;36m\x1b[K^~~\x1b[m\x1b[K\n'}
[2.752866] (robot_waypoint_pkg) StderrLine: {'line': b'\x1b[01m\x1b[K/usr/include/c++/11/array:385:5:\x1b[m\x1b[K \x1b[01;36m\x1b[Knote: \x1b[m\x1b[K  template argument deduction/substitution failed:\n'}
[2.752953] (robot_waypoint_pkg) StderrLine: {'line': b'\x1b[01m\x1b[K/home/syafihidayat/Documents/robot_smoothing/src/robot_waypoint_pkg/src/robot_waypoint.cpp:98:52:\x1b[m\x1b[K \x1b[01;36m\x1b[Knote: \x1b[m\x1b[K  \xe2\x80\x98\x1b[01m\x1b[K__gnu_cxx::__alloc_traits<std::allocator<std::tuple<double, double, double> >, std::tuple<double, double, double> >::value_type\x1b[m\x1b[K\xe2\x80\x99 {aka \xe2\x80\x98\x1b[01m\x1b[Kstd::tuple<double, double, double>\x1b[m\x1b[K\xe2\x80\x99} is not derived from \xe2\x80\x98\x1b[01m\x1b[Kconst std::array<_Tp, _Nm>\x1b[m\x1b[K\xe2\x80\x99\n'}
[2.753041] (robot_waypoint_pkg) StderrLine: {'line': b'   98 |     speed_msg.data = static_cast<float>(\x1b[01;36m\x1b[Kstd::get<3>(waypoint[current_waypoint_index])\x1b[m\x1b[K);\n'}
[2.753116] (robot_waypoint_pkg) StderrLine: {'line': b'      |                                         \x1b[01;36m\x1b[K~~~~~~~~~~~^~~~~~~~~~~~~~~~~~~~~~~~~~~~~~~~~~\x1b[m\x1b[K\n'}
[2.753191] (robot_waypoint_pkg) StderrLine: {'line': b'In file included from \x1b[01m\x1b[K/usr/include/c++/11/bits/unique_ptr.h:37\x1b[m\x1b[K,\n'}
[2.753266] (robot_waypoint_pkg) StderrLine: {'line': b'                 from \x1b[01m\x1b[K/usr/include/c++/11/memory:76\x1b[m\x1b[K,\n'}
[2.753340] (robot_waypoint_pkg) StderrLine: {'line': b'                 from \x1b[01m\x1b[K/opt/ros/humble/include/rclcpp/rclcpp/rclcpp.hpp:153\x1b[m\x1b[K,\n'}
[2.753415] (robot_waypoint_pkg) StderrLine: {'line': b'                 from \x1b[01m\x1b[K/home/syafihidayat/Documents/robot_smoothing/src/robot_waypoint_pkg/src/robot_waypoint.cpp:2\x1b[m\x1b[K:\n'}
[2.753490] (robot_waypoint_pkg) StderrLine: {'line': b'\x1b[01m\x1b[K/usr/include/c++/11/tuple:1393:5:\x1b[m\x1b[K \x1b[01;36m\x1b[Knote: \x1b[m\x1b[Kcandidate: \xe2\x80\x98\x1b[01m\x1b[Ktemplate<long unsigned int __i, class ... _Elements> constexpr std::__tuple_element_t<__i, std::tuple<_UTypes ...> >& std::get(std::tuple<_UTypes ...>&)\x1b[m\x1b[K\xe2\x80\x99\n'}
[2.753566] (robot_waypoint_pkg) StderrLine: {'line': b' 1393 |     \x1b[01;36m\x1b[Kget\x1b[m\x1b[K(tuple<_Elements...>& __t) noexcept\n'}
[2.753641] (robot_waypoint_pkg) StderrLine: {'line': b'      |     \x1b[01;36m\x1b[K^~~\x1b[m\x1b[K\n'}
[2.753715] (robot_waypoint_pkg) StderrLine: {'line': b'\x1b[01m\x1b[K/usr/include/c++/11/tuple:1393:5:\x1b[m\x1b[K \x1b[01;36m\x1b[Knote: \x1b[m\x1b[K  template argument deduction/substitution failed:\n'}
[2.753797] (robot_waypoint_pkg) StderrLine: {'line': b'In file included from \x1b[01m\x1b[K/usr/include/c++/11/bits/unique_ptr.h:36\x1b[m\x1b[K,\n'}
[2.753872] (robot_waypoint_pkg) StderrLine: {'line': b'                 from \x1b[01m\x1b[K/usr/include/c++/11/memory:76\x1b[m\x1b[K,\n'}
[2.753958] (robot_waypoint_pkg) StderrLine: {'line': b'                 from \x1b[01m\x1b[K/opt/ros/humble/include/rclcpp/rclcpp/rclcpp.hpp:153\x1b[m\x1b[K,\n'}
[2.754037] (robot_waypoint_pkg) StderrLine: {'line': b'                 from \x1b[01m\x1b[K/home/syafihidayat/Documents/robot_smoothing/src/robot_waypoint_pkg/src/robot_waypoint.cpp:2\x1b[m\x1b[K:\n'}
[2.754112] (robot_waypoint_pkg) StderrLine: {'line': b'/usr/include/c++/11/utility: In substitution of \xe2\x80\x98\x1b[01m\x1b[Ktemplate<long unsigned int __i, class _Tp> using __tuple_element_t = typename std::tuple_element::type [with long unsigned int __i = 3; _Tp = std::tuple<double, double, double>]\x1b[m\x1b[K\xe2\x80\x99:\n'}
[2.754188] (robot_waypoint_pkg) StderrLine: {'line': b'\x1b[01m\x1b[K/usr/include/c++/11/tuple:1393:5:\x1b[m\x1b[K   required by substitution of \xe2\x80\x98\x1b[01m\x1b[Ktemplate<long unsigned int __i, class ... _Elements> constexpr std::__tuple_element_t<__i, std::tuple<_UTypes ...> >& std::get(std::tuple<_UTypes ...>&) [with long unsigned int __i = 3; _Elements = {double, double, double}]\x1b[m\x1b[K\xe2\x80\x99\n'}
[2.754265] (robot_waypoint_pkg) StderrLine: {'line': b'\x1b[01m\x1b[K/home/syafihidayat/Documents/robot_smoothing/src/robot_waypoint_pkg/src/robot_waypoint.cpp:98:52:\x1b[m\x1b[K   required from here\n'}
[2.754341] (robot_waypoint_pkg) StderrLine: {'line': b'\x1b[01m\x1b[K/usr/include/c++/11/utility:118:11:\x1b[m\x1b[K \x1b[01;31m\x1b[Kerror: \x1b[m\x1b[Kno type named \xe2\x80\x98\x1b[01m\x1b[Ktype\x1b[m\x1b[K\xe2\x80\x99 in \xe2\x80\x98\x1b[01m\x1b[Kstruct std::tuple_element<3, std::tuple<double, double, double> >\x1b[m\x1b[K\xe2\x80\x99\n'}
[2.754430] (robot_waypoint_pkg) StderrLine: {'line': b'  118 |     using \x1b[01;31m\x1b[K__tuple_element_t\x1b[m\x1b[K = typename tuple_element<__i, _Tp>::type;\n'}
[2.754506] (robot_waypoint_pkg) StderrLine: {'line': b'      |           \x1b[01;31m\x1b[K^~~~~~~~~~~~~~~~~\x1b[m\x1b[K\n'}
[2.754580] (robot_waypoint_pkg) StderrLine: {'line': b'In file included from \x1b[01m\x1b[K/usr/include/c++/11/bits/unique_ptr.h:37\x1b[m\x1b[K,\n'}
[2.754655] (robot_waypoint_pkg) StderrLine: {'line': b'                 from \x1b[01m\x1b[K/usr/include/c++/11/memory:76\x1b[m\x1b[K,\n'}
[2.754730] (robot_waypoint_pkg) StderrLine: {'line': b'                 from \x1b[01m\x1b[K/opt/ros/humble/include/rclcpp/rclcpp/rclcpp.hpp:153\x1b[m\x1b[K,\n'}
[2.754805] (robot_waypoint_pkg) StderrLine: {'line': b'                 from \x1b[01m\x1b[K/home/syafihidayat/Documents/robot_smoothing/src/robot_waypoint_pkg/src/robot_waypoint.cpp:2\x1b[m\x1b[K:\n'}
[2.754885] (robot_waypoint_pkg) StderrLine: {'line': b'\x1b[01m\x1b[K/usr/include/c++/11/tuple:1399:5:\x1b[m\x1b[K \x1b[01;36m\x1b[Knote: \x1b[m\x1b[Kcandidate: \xe2\x80\x98\x1b[01m\x1b[Ktemplate<long unsigned int __i, class ... _Elements> constexpr std::__tuple_element_t<__i, std::tuple<_UTypes ...> >& std::get(const std::tuple<_UTypes ...>&)\x1b[m\x1b[K\xe2\x80\x99\n'}
[2.754976] (robot_waypoint_pkg) StderrLine: {'line': b' 1399 |     \x1b[01;36m\x1b[Kget\x1b[m\x1b[K(const tuple<_Elements...>& __t) noexcept\n'}
[2.755054] (robot_waypoint_pkg) StderrLine: {'line': b'      |     \x1b[01;36m\x1b[K^~~\x1b[m\x1b[K\n'}
[2.755129] (robot_waypoint_pkg) StderrLine: {'line': b'\x1b[01m\x1b[K/usr/include/c++/11/tuple:1399:5:\x1b[m\x1b[K \x1b[01;36m\x1b[Knote: \x1b[m\x1b[K  template argument deduction/substitution failed:\n'}
[2.755204] (robot_waypoint_pkg) StderrLine: {'line': b'\x1b[01m\x1b[K/usr/include/c++/11/tuple:1405:5:\x1b[m\x1b[K \x1b[01;36m\x1b[Knote: \x1b[m\x1b[Kcandidate: \xe2\x80\x98\x1b[01m\x1b[Ktemplate<long unsigned int __i, class ... _Elements> constexpr std::__tuple_element_t<__i, std::tuple<_UTypes ...> >&& std::get(std::tuple<_UTypes ...>&&)\x1b[m\x1b[K\xe2\x80\x99\n'}
[2.755286] (robot_waypoint_pkg) StderrLine: {'line': b' 1405 |     \x1b[01;36m\x1b[Kget\x1b[m\x1b[K(tuple<_Elements...>&& __t) noexcept\n'}
[2.755360] (robot_waypoint_pkg) StderrLine: {'line': b'      |     \x1b[01;36m\x1b[K^~~\x1b[m\x1b[K\n'}
[2.755435] (robot_waypoint_pkg) StderrLine: {'line': b'\x1b[01m\x1b[K/usr/include/c++/11/tuple:1405:5:\x1b[m\x1b[K \x1b[01;36m\x1b[Knote: \x1b[m\x1b[K  template argument deduction/substitution failed:\n'}
[2.755518] (robot_waypoint_pkg) StderrLine: {'line': b'\x1b[01m\x1b[K/usr/include/c++/11/tuple:1414:5:\x1b[m\x1b[K \x1b[01;36m\x1b[Knote: \x1b[m\x1b[Kcandidate: \xe2\x80\x98\x1b[01m\x1b[Ktemplate<long unsigned int __i, class ... _Elements> constexpr std::__tuple_element_t<__i, std::tuple<_UTypes ...> >&& std::get(const std::tuple<_UTypes ...>&&)\x1b[m\x1b[K\xe2\x80\x99\n'}
[2.755595] (robot_waypoint_pkg) StderrLine: {'line': b' 1414 |     \x1b[01;36m\x1b[Kget\x1b[m\x1b[K(const tuple<_Elements...>&& __t) noexcept\n'}
[2.755669] (robot_waypoint_pkg) StderrLine: {'line': b'      |     \x1b[01;36m\x1b[K^~~\x1b[m\x1b[K\n'}
[2.755744] (robot_waypoint_pkg) StderrLine: {'line': b'\x1b[01m\x1b[K/usr/include/c++/11/tuple:1414:5:\x1b[m\x1b[K \x1b[01;36m\x1b[Knote: \x1b[m\x1b[K  substitution of deduced template arguments resulted in errors seen above\n'}
[2.755819] (robot_waypoint_pkg) StderrLine: {'line': b'\x1b[01m\x1b[K/usr/include/c++/11/tuple:1449:5:\x1b[m\x1b[K \x1b[01;36m\x1b[Knote: \x1b[m\x1b[Kcandidate: \xe2\x80\x98\x1b[01m\x1b[Ktemplate<class _Tp, class ... _Types> constexpr _Tp& std::get(std::tuple<_UTypes ...>&)\x1b[m\x1b[K\xe2\x80\x99\n'}
[2.755898] (robot_waypoint_pkg) StderrLine: {'line': b' 1449 |     \x1b[01;36m\x1b[Kget\x1b[m\x1b[K(tuple<_Types...>& __t) noexcept\n'}
[2.755989] (robot_waypoint_pkg) StderrLine: {'line': b'      |     \x1b[01;36m\x1b[K^~~\x1b[m\x1b[K\n'}
[2.756065] (robot_waypoint_pkg) StderrLine: {'line': b'\x1b[01m\x1b[K/usr/include/c++/11/tuple:1449:5:\x1b[m\x1b[K \x1b[01;36m\x1b[Knote: \x1b[m\x1b[K  template argument deduction/substitution failed:\n'}
[2.756137] (robot_waypoint_pkg) StderrLine: {'line': b'\x1b[01m\x1b[K/home/syafihidayat/Documents/robot_smoothing/src/robot_waypoint_pkg/src/robot_waypoint.cpp:98:52:\x1b[m\x1b[K \x1b[01;31m\x1b[Kerror: \x1b[m\x1b[Ktype/value mismatch at argument 1 in template parameter list for \xe2\x80\x98\x1b[01m\x1b[Ktemplate<class _Tp, class ... _Types> constexpr _Tp& std::get(std::tuple<_UTypes ...>&)\x1b[m\x1b[K\xe2\x80\x99\n'}
[2.756222] (robot_waypoint_pkg) StderrLine: {'line': b'   98 |     speed_msg.data = static_cast<float>(\x1b[01;31m\x1b[Kstd::get<3>(waypoint[current_waypoint_index])\x1b[m\x1b[K);\n'}
[2.756299] (robot_waypoint_pkg) StderrLine: {'line': b'      |                                         \x1b[01;31m\x1b[K~~~~~~~~~~~^~~~~~~~~~~~~~~~~~~~~~~~~~~~~~~~~~\x1b[m\x1b[K\n'}
[2.756378] (robot_waypoint_pkg) StderrLine: {'line': b'\x1b[01m\x1b[K/home/syafihidayat/Documents/robot_smoothing/src/robot_waypoint_pkg/src/robot_waypoint.cpp:98:52:\x1b[m\x1b[K \x1b[01;36m\x1b[Knote: \x1b[m\x1b[K  expected a type, got \xe2\x80\x98\x1b[01m\x1b[K3\x1b[m\x1b[K\xe2\x80\x99\n'}
[2.756436] (robot_waypoint_pkg) StderrLine: {'line': b'In file included from \x1b[01m\x1b[K/usr/include/c++/11/bits/unique_ptr.h:37\x1b[m\x1b[K,\n'}
[2.756496] (robot_waypoint_pkg) StderrLine: {'line': b'                 from \x1b[01m\x1b[K/usr/include/c++/11/memory:76\x1b[m\x1b[K,\n'}
[2.756550] (robot_waypoint_pkg) StderrLine: {'line': b'                 from \x1b[01m\x1b[K/opt/ros/humble/include/rclcpp/rclcpp/rclcpp.hpp:153\x1b[m\x1b[K,\n'}
[2.756605] (robot_waypoint_pkg) StderrLine: {'line': b'                 from \x1b[01m\x1b[K/home/syafihidayat/Documents/robot_smoothing/src/robot_waypoint_pkg/src/robot_waypoint.cpp:2\x1b[m\x1b[K:\n'}
[2.756660] (robot_waypoint_pkg) StderrLine: {'line': b'\x1b[01m\x1b[K/usr/include/c++/11/tuple:1460:5:\x1b[m\x1b[K \x1b[01;36m\x1b[Knote: \x1b[m\x1b[Kcandidate: \xe2\x80\x98\x1b[01m\x1b[Ktemplate<class _Tp, class ... _Types> constexpr _Tp&& std::get(std::tuple<_UTypes ...>&&)\x1b[m\x1b[K\xe2\x80\x99\n'}
[2.756736] (robot_waypoint_pkg) StderrLine: {'line': b' 1460 |     \x1b[01;36m\x1b[Kget\x1b[m\x1b[K(tuple<_Types...>&& __t) noexcept\n'}
[2.756795] (robot_waypoint_pkg) StderrLine: {'line': b'      |     \x1b[01;36m\x1b[K^~~\x1b[m\x1b[K\n'}
[2.756849] (robot_waypoint_pkg) StderrLine: {'line': b'\x1b[01m\x1b[K/usr/include/c++/11/tuple:1460:5:\x1b[m\x1b[K \x1b[01;36m\x1b[Knote: \x1b[m\x1b[K  template argument deduction/substitution failed:\n'}
[2.756921] (robot_waypoint_pkg) StderrLine: {'line': b'\x1b[01m\x1b[K/home/syafihidayat/Documents/robot_smoothing/src/robot_waypoint_pkg/src/robot_waypoint.cpp:98:52:\x1b[m\x1b[K \x1b[01;31m\x1b[Kerror: \x1b[m\x1b[Ktype/value mismatch at argument 1 in template parameter list for \xe2\x80\x98\x1b[01m\x1b[Ktemplate<class _Tp, class ... _Types> constexpr _Tp&& std::get(std::tuple<_UTypes ...>&&)\x1b[m\x1b[K\xe2\x80\x99\n'}
[2.757010] (robot_waypoint_pkg) StderrLine: {'line': b'   98 |     speed_msg.data = static_cast<float>(\x1b[01;31m\x1b[Kstd::get<3>(waypoint[current_waypoint_index])\x1b[m\x1b[K);\n'}
[2.757064] (robot_waypoint_pkg) StderrLine: {'line': b'      |                                         \x1b[01;31m\x1b[K~~~~~~~~~~~^~~~~~~~~~~~~~~~~~~~~~~~~~~~~~~~~~\x1b[m\x1b[K\n'}
[2.757118] (robot_waypoint_pkg) StderrLine: {'line': b'\x1b[01m\x1b[K/home/syafihidayat/Documents/robot_smoothing/src/robot_waypoint_pkg/src/robot_waypoint.cpp:98:52:\x1b[m\x1b[K \x1b[01;36m\x1b[Knote: \x1b[m\x1b[K  expected a type, got \xe2\x80\x98\x1b[01m\x1b[K3\x1b[m\x1b[K\xe2\x80\x99\n'}
[2.757172] (robot_waypoint_pkg) StderrLine: {'line': b'In file included from \x1b[01m\x1b[K/usr/include/c++/11/bits/unique_ptr.h:37\x1b[m\x1b[K,\n'}
[2.757225] (robot_waypoint_pkg) StderrLine: {'line': b'                 from \x1b[01m\x1b[K/usr/include/c++/11/memory:76\x1b[m\x1b[K,\n'}
[2.757278] (robot_waypoint_pkg) StderrLine: {'line': b'                 from \x1b[01m\x1b[K/opt/ros/humble/include/rclcpp/rclcpp/rclcpp.hpp:153\x1b[m\x1b[K,\n'}
[2.757335] (robot_waypoint_pkg) StderrLine: {'line': b'                 from \x1b[01m\x1b[K/home/syafihidayat/Documents/robot_smoothing/src/robot_waypoint_pkg/src/robot_waypoint.cpp:2\x1b[m\x1b[K:\n'}
[2.757390] (robot_waypoint_pkg) StderrLine: {'line': b'\x1b[01m\x1b[K/usr/include/c++/11/tuple:1471:5:\x1b[m\x1b[K \x1b[01;36m\x1b[Knote: \x1b[m\x1b[Kcandidate: \xe2\x80\x98\x1b[01m\x1b[Ktemplate<class _Tp, class ... _Types> constexpr const _Tp& std::get(const std::tuple<_UTypes ...>&)\x1b[m\x1b[K\xe2\x80\x99\n'}
[2.757454] (robot_waypoint_pkg) StderrLine: {'line': b' 1471 |     \x1b[01;36m\x1b[Kget\x1b[m\x1b[K(const tuple<_Types...>& __t) noexcept\n'}
[2.757512] (robot_waypoint_pkg) StderrLine: {'line': b'      |     \x1b[01;36m\x1b[K^~~\x1b[m\x1b[K\n'}
[2.757577] (robot_waypoint_pkg) StderrLine: {'line': b'\x1b[01m\x1b[K/usr/include/c++/11/tuple:1471:5:\x1b[m\x1b[K \x1b[01;36m\x1b[Knote: \x1b[m\x1b[K  template argument deduction/substitution failed:\n'}
[2.757633] (robot_waypoint_pkg) StderrLine: {'line': b'\x1b[01m\x1b[K/home/syafihidayat/Documents/robot_smoothing/src/robot_waypoint_pkg/src/robot_waypoint.cpp:98:52:\x1b[m\x1b[K \x1b[01;31m\x1b[Kerror: \x1b[m\x1b[Ktype/value mismatch at argument 1 in template parameter list for \xe2\x80\x98\x1b[01m\x1b[Ktemplate<class _Tp, class ... _Types> constexpr const _Tp& std::get(const std::tuple<_UTypes ...>&)\x1b[m\x1b[K\xe2\x80\x99\n'}
[2.757695] (robot_waypoint_pkg) StderrLine: {'line': b'   98 |     speed_msg.data = static_cast<float>(\x1b[01;31m\x1b[Kstd::get<3>(waypoint[current_waypoint_index])\x1b[m\x1b[K);\n'}
[2.757753] (robot_waypoint_pkg) StderrLine: {'line': b'      |                                         \x1b[01;31m\x1b[K~~~~~~~~~~~^~~~~~~~~~~~~~~~~~~~~~~~~~~~~~~~~~\x1b[m\x1b[K\n'}
[2.757811] (robot_waypoint_pkg) StderrLine: {'line': b'\x1b[01m\x1b[K/home/syafihidayat/Documents/robot_smoothing/src/robot_waypoint_pkg/src/robot_waypoint.cpp:98:52:\x1b[m\x1b[K \x1b[01;36m\x1b[Knote: \x1b[m\x1b[K  expected a type, got \xe2\x80\x98\x1b[01m\x1b[K3\x1b[m\x1b[K\xe2\x80\x99\n'}
[2.757864] (robot_waypoint_pkg) StderrLine: {'line': b'In file included from \x1b[01m\x1b[K/usr/include/c++/11/bits/unique_ptr.h:37\x1b[m\x1b[K,\n'}
[2.757929] (robot_waypoint_pkg) StderrLine: {'line': b'                 from \x1b[01m\x1b[K/usr/include/c++/11/memory:76\x1b[m\x1b[K,\n'}
[2.757985] (robot_waypoint_pkg) StderrLine: {'line': b'                 from \x1b[01m\x1b[K/opt/ros/humble/include/rclcpp/rclcpp/rclcpp.hpp:153\x1b[m\x1b[K,\n'}
[2.758036] (robot_waypoint_pkg) StderrLine: {'line': b'                 from \x1b[01m\x1b[K/home/syafihidayat/Documents/robot_smoothing/src/robot_waypoint_pkg/src/robot_waypoint.cpp:2\x1b[m\x1b[K:\n'}
[2.758087] (robot_waypoint_pkg) StderrLine: {'line': b'\x1b[01m\x1b[K/usr/include/c++/11/tuple:1483:5:\x1b[m\x1b[K \x1b[01;36m\x1b[Knote: \x1b[m\x1b[Kcandidate: \xe2\x80\x98\x1b[01m\x1b[Ktemplate<class _Tp, class ... _Types> constexpr const _Tp&& std::get(const std::tuple<_UTypes ...>&&)\x1b[m\x1b[K\xe2\x80\x99\n'}
[2.758139] (robot_waypoint_pkg) StderrLine: {'line': b' 1483 |     \x1b[01;36m\x1b[Kget\x1b[m\x1b[K(const tuple<_Types...>&& __t) noexcept\n'}
[2.758189] (robot_waypoint_pkg) StderrLine: {'line': b'      |     \x1b[01;36m\x1b[K^~~\x1b[m\x1b[K\n'}
[2.758240] (robot_waypoint_pkg) StderrLine: {'line': b'\x1b[01m\x1b[K/usr/include/c++/11/tuple:1483:5:\x1b[m\x1b[K \x1b[01;36m\x1b[Knote: \x1b[m\x1b[K  template argument deduction/substitution failed:\n'}
[2.758291] (robot_waypoint_pkg) StderrLine: {'line': b'\x1b[01m\x1b[K/home/syafihidayat/Documents/robot_smoothing/src/robot_waypoint_pkg/src/robot_waypoint.cpp:98:52:\x1b[m\x1b[K \x1b[01;31m\x1b[Kerror: \x1b[m\x1b[Ktype/value mismatch at argument 1 in template parameter list for \xe2\x80\x98\x1b[01m\x1b[Ktemplate<class _Tp, class ... _Types> constexpr const _Tp&& std::get(const std::tuple<_UTypes ...>&&)\x1b[m\x1b[K\xe2\x80\x99\n'}
[2.758343] (robot_waypoint_pkg) StderrLine: {'line': b'   98 |     speed_msg.data = static_cast<float>(\x1b[01;31m\x1b[Kstd::get<3>(waypoint[current_waypoint_index])\x1b[m\x1b[K);\n'}
[2.758395] (robot_waypoint_pkg) StderrLine: {'line': b'      |                                         \x1b[01;31m\x1b[K~~~~~~~~~~~^~~~~~~~~~~~~~~~~~~~~~~~~~~~~~~~~~\x1b[m\x1b[K\n'}
[2.758445] (robot_waypoint_pkg) StderrLine: {'line': b'\x1b[01m\x1b[K/home/syafihidayat/Documents/robot_smoothing/src/robot_waypoint_pkg/src/robot_waypoint.cpp:98:52:\x1b[m\x1b[K \x1b[01;36m\x1b[Knote: \x1b[m\x1b[K  expected a type, got \xe2\x80\x98\x1b[01m\x1b[K3\x1b[m\x1b[K\xe2\x80\x99\n'}
[2.758496] (robot_waypoint_pkg) StderrLine: {'line': b'In file included from \x1b[01m\x1b[K/opt/ros/humble/include/rclcpp/rclcpp/client.hpp:28\x1b[m\x1b[K,\n'}
[2.758547] (robot_waypoint_pkg) StderrLine: {'line': b'                 from \x1b[01m\x1b[K/opt/ros/humble/include/rclcpp/rclcpp/callback_group.hpp:24\x1b[m\x1b[K,\n'}
[2.758598] (robot_waypoint_pkg) StderrLine: {'line': b'                 from \x1b[01m\x1b[K/opt/ros/humble/include/rclcpp/rclcpp/any_executable.hpp:20\x1b[m\x1b[K,\n'}
[2.758649] (robot_waypoint_pkg) StderrLine: {'line': b'                 from \x1b[01m\x1b[K/opt/ros/humble/include/rclcpp/rclcpp/memory_strategy.hpp:25\x1b[m\x1b[K,\n'}
[2.758706] (robot_waypoint_pkg) StderrLine: {'line': b'                 from \x1b[01m\x1b[K/opt/ros/humble/include/rclcpp/rclcpp/memory_strategies.hpp:18\x1b[m\x1b[K,\n'}
[2.758766] (robot_waypoint_pkg) StderrLine: {'line': b'                 from \x1b[01m\x1b[K/opt/ros/humble/include/rclcpp/rclcpp/executor_options.hpp:20\x1b[m\x1b[K,\n'}
[2.758817] (robot_waypoint_pkg) StderrLine: {'line': b'                 from \x1b[01m\x1b[K/opt/ros/humble/include/rclcpp/rclcpp/executor.hpp:37\x1b[m\x1b[K,\n'}
[2.758868] (robot_waypoint_pkg) StderrLine: {'line': b'                 from \x1b[01m\x1b[K/opt/ros/humble/include/rclcpp/rclcpp/executors/multi_threaded_executor.hpp:25\x1b[m\x1b[K,\n'}
[2.758928] (robot_waypoint_pkg) StderrLine: {'line': b'                 from \x1b[01m\x1b[K/opt/ros/humble/include/rclcpp/rclcpp/executors.hpp:21\x1b[m\x1b[K,\n'}
[2.758986] (robot_waypoint_pkg) StderrLine: {'line': b'                 from \x1b[01m\x1b[K/opt/ros/humble/include/rclcpp/rclcpp/rclcpp.hpp:155\x1b[m\x1b[K,\n'}
[2.759043] (robot_waypoint_pkg) StderrLine: {'line': b'                 from \x1b[01m\x1b[K/home/syafihidayat/Documents/robot_smoothing/src/robot_waypoint_pkg/src/robot_waypoint.cpp:2\x1b[m\x1b[K:\n'}
[2.759094] (robot_waypoint_pkg) StderrLine: {'line': b'\x1b[01m\x1b[K/usr/include/c++/11/variant:1676:5:\x1b[m\x1b[K \x1b[01;36m\x1b[Knote: \x1b[m\x1b[Kcandidate: \xe2\x80\x98\x1b[01m\x1b[Ktemplate<long unsigned int _Np, class ... _Types> constexpr std::variant_alternative_t<_Np, std::variant<_Types ...> >& std::get(std::variant<_Types ...>&)\x1b[m\x1b[K\xe2\x80\x99\n'}
[2.759146] (robot_waypoint_pkg) StderrLine: {'line': b' 1676 |     \x1b[01;36m\x1b[Kget\x1b[m\x1b[K(variant<_Types...>& __v)\n'}
[2.759197] (robot_waypoint_pkg) StderrLine: {'line': b'      |     \x1b[01;36m\x1b[K^~~\x1b[m\x1b[K\n'}
[2.759253] (robot_waypoint_pkg) StderrLine: {'line': b'\x1b[01m\x1b[K/usr/include/c++/11/variant:1676:5:\x1b[m\x1b[K \x1b[01;36m\x1b[Knote: \x1b[m\x1b[K  template argument deduction/substitution failed:\n'}
[2.759305] (robot_waypoint_pkg) StderrLine: {'line': b'\x1b[01m\x1b[K/home/syafihidayat/Documents/robot_smoothing/src/robot_waypoint_pkg/src/robot_waypoint.cpp:98:52:\x1b[m\x1b[K \x1b[01;36m\x1b[Knote: \x1b[m\x1b[K  \xe2\x80\x98\x1b[01m\x1b[K__gnu_cxx::__alloc_traits<std::allocator<std::tuple<double, double, double> >, std::tuple<double, double, double> >::value_type\x1b[m\x1b[K\xe2\x80\x99 {aka \xe2\x80\x98\x1b[01m\x1b[Kstd::tuple<double, double, double>\x1b[m\x1b[K\xe2\x80\x99} is not derived from \xe2\x80\x98\x1b[01m\x1b[Kstd::variant<_Types ...>\x1b[m\x1b[K\xe2\x80\x99\n'}
[2.759367] (robot_waypoint_pkg) StderrLine: {'line': b'   98 |     speed_msg.data = static_cast<float>(\x1b[01;36m\x1b[Kstd::get<3>(waypoint[current_waypoint_index])\x1b[m\x1b[K);\n'}
[2.759419] (robot_waypoint_pkg) StderrLine: {'line': b'      |                                         \x1b[01;36m\x1b[K~~~~~~~~~~~^~~~~~~~~~~~~~~~~~~~~~~~~~~~~~~~~~\x1b[m\x1b[K\n'}
[2.759470] (robot_waypoint_pkg) StderrLine: {'line': b'In file included from \x1b[01m\x1b[K/opt/ros/humble/include/rclcpp/rclcpp/client.hpp:28\x1b[m\x1b[K,\n'}
[2.759521] (robot_waypoint_pkg) StderrLine: {'line': b'                 from \x1b[01m\x1b[K/opt/ros/humble/include/rclcpp/rclcpp/callback_group.hpp:24\x1b[m\x1b[K,\n'}
[2.759571] (robot_waypoint_pkg) StderrLine: {'line': b'                 from \x1b[01m\x1b[K/opt/ros/humble/include/rclcpp/rclcpp/any_executable.hpp:20\x1b[m\x1b[K,\n'}
[2.759622] (robot_waypoint_pkg) StderrLine: {'line': b'                 from \x1b[01m\x1b[K/opt/ros/humble/include/rclcpp/rclcpp/memory_strategy.hpp:25\x1b[m\x1b[K,\n'}
[2.759673] (robot_waypoint_pkg) StderrLine: {'line': b'                 from \x1b[01m\x1b[K/opt/ros/humble/include/rclcpp/rclcpp/memory_strategies.hpp:18\x1b[m\x1b[K,\n'}
[2.759724] (robot_waypoint_pkg) StderrLine: {'line': b'                 from \x1b[01m\x1b[K/opt/ros/humble/include/rclcpp/rclcpp/executor_options.hpp:20\x1b[m\x1b[K,\n'}
[2.759775] (robot_waypoint_pkg) StderrLine: {'line': b'                 from \x1b[01m\x1b[K/opt/ros/humble/include/rclcpp/rclcpp/executor.hpp:37\x1b[m\x1b[K,\n'}
[2.759826] (robot_waypoint_pkg) StderrLine: {'line': b'                 from \x1b[01m\x1b[K/opt/ros/humble/include/rclcpp/rclcpp/executors/multi_threaded_executor.hpp:25\x1b[m\x1b[K,\n'}
[2.759878] (robot_waypoint_pkg) StderrLine: {'line': b'                 from \x1b[01m\x1b[K/opt/ros/humble/include/rclcpp/rclcpp/executors.hpp:21\x1b[m\x1b[K,\n'}
[2.759943] (robot_waypoint_pkg) StderrLine: {'line': b'                 from \x1b[01m\x1b[K/opt/ros/humble/include/rclcpp/rclcpp/rclcpp.hpp:155\x1b[m\x1b[K,\n'}
[2.759997] (robot_waypoint_pkg) StderrLine: {'line': b'                 from \x1b[01m\x1b[K/home/syafihidayat/Documents/robot_smoothing/src/robot_waypoint_pkg/src/robot_waypoint.cpp:2\x1b[m\x1b[K:\n'}
[2.760048] (robot_waypoint_pkg) StderrLine: {'line': b'\x1b[01m\x1b[K/usr/include/c++/11/variant:1687:5:\x1b[m\x1b[K \x1b[01;36m\x1b[Knote: \x1b[m\x1b[Kcandidate: \xe2\x80\x98\x1b[01m\x1b[Ktemplate<long unsigned int _Np, class ... _Types> constexpr std::variant_alternative_t<_Np, std::variant<_Types ...> >&& std::get(std::variant<_Types ...>&&)\x1b[m\x1b[K\xe2\x80\x99\n'}
[2.760107] (robot_waypoint_pkg) StderrLine: {'line': b' 1687 |     \x1b[01;36m\x1b[Kget\x1b[m\x1b[K(variant<_Types...>&& __v)\n'}
[2.760158] (robot_waypoint_pkg) StderrLine: {'line': b'      |     \x1b[01;36m\x1b[K^~~\x1b[m\x1b[K\n'}
[2.760209] (robot_waypoint_pkg) StderrLine: {'line': b'\x1b[01m\x1b[K/usr/include/c++/11/variant:1687:5:\x1b[m\x1b[K \x1b[01;36m\x1b[Knote: \x1b[m\x1b[K  template argument deduction/substitution failed:\n'}
[2.760260] (robot_waypoint_pkg) StderrLine: {'line': b'\x1b[01m\x1b[K/home/syafihidayat/Documents/robot_smoothing/src/robot_waypoint_pkg/src/robot_waypoint.cpp:98:52:\x1b[m\x1b[K \x1b[01;36m\x1b[Knote: \x1b[m\x1b[K  \xe2\x80\x98\x1b[01m\x1b[K__gnu_cxx::__alloc_traits<std::allocator<std::tuple<double, double, double> >, std::tuple<double, double, double> >::value_type\x1b[m\x1b[K\xe2\x80\x99 {aka \xe2\x80\x98\x1b[01m\x1b[Kstd::tuple<double, double, double>\x1b[m\x1b[K\xe2\x80\x99} is not derived from \xe2\x80\x98\x1b[01m\x1b[Kstd::variant<_Types ...>\x1b[m\x1b[K\xe2\x80\x99\n'}
[2.760315] (robot_waypoint_pkg) StderrLine: {'line': b'   98 |     speed_msg.data = static_cast<float>(\x1b[01;36m\x1b[Kstd::get<3>(waypoint[current_waypoint_index])\x1b[m\x1b[K);\n'}
[2.760366] (robot_waypoint_pkg) StderrLine: {'line': b'      |                                         \x1b[01;36m\x1b[K~~~~~~~~~~~^~~~~~~~~~~~~~~~~~~~~~~~~~~~~~~~~~\x1b[m\x1b[K\n'}
[2.760421] (robot_waypoint_pkg) StderrLine: {'line': b'In file included from \x1b[01m\x1b[K/opt/ros/humble/include/rclcpp/rclcpp/client.hpp:28\x1b[m\x1b[K,\n'}
[2.760495] (robot_waypoint_pkg) StderrLine: {'line': b'                 from \x1b[01m\x1b[K/opt/ros/humble/include/rclcpp/rclcpp/callback_group.hpp:24\x1b[m\x1b[K,\n'}
[2.760553] (robot_waypoint_pkg) StderrLine: {'line': b'                 from \x1b[01m\x1b[K/opt/ros/humble/include/rclcpp/rclcpp/any_executable.hpp:20\x1b[m\x1b[K,\n'}
[2.760606] (robot_waypoint_pkg) StderrLine: {'line': b'                 from \x1b[01m\x1b[K/opt/ros/humble/include/rclcpp/rclcpp/memory_strategy.hpp:25\x1b[m\x1b[K,\n'}
[2.760659] (robot_waypoint_pkg) StderrLine: {'line': b'                 from \x1b[01m\x1b[K/opt/ros/humble/include/rclcpp/rclcpp/memory_strategies.hpp:18\x1b[m\x1b[K,\n'}
[2.760711] (robot_waypoint_pkg) StderrLine: {'line': b'                 from \x1b[01m\x1b[K/opt/ros/humble/include/rclcpp/rclcpp/executor_options.hpp:20\x1b[m\x1b[K,\n'}
[2.760764] (robot_waypoint_pkg) StderrLine: {'line': b'                 from \x1b[01m\x1b[K/opt/ros/humble/include/rclcpp/rclcpp/executor.hpp:37\x1b[m\x1b[K,\n'}
[2.760817] (robot_waypoint_pkg) StderrLine: {'line': b'                 from \x1b[01m\x1b[K/opt/ros/humble/include/rclcpp/rclcpp/executors/multi_threaded_executor.hpp:25\x1b[m\x1b[K,\n'}
[2.760874] (robot_waypoint_pkg) StderrLine: {'line': b'                 from \x1b[01m\x1b[K/opt/ros/humble/include/rclcpp/rclcpp/executors.hpp:21\x1b[m\x1b[K,\n'}
[2.760945] (robot_waypoint_pkg) StderrLine: {'line': b'                 from \x1b[01m\x1b[K/opt/ros/humble/include/rclcpp/rclcpp/rclcpp.hpp:155\x1b[m\x1b[K,\n'}
[2.761007] (robot_waypoint_pkg) StderrLine: {'line': b'                 from \x1b[01m\x1b[K/home/syafihidayat/Documents/robot_smoothing/src/robot_waypoint_pkg/src/robot_waypoint.cpp:2\x1b[m\x1b[K:\n'}
[2.761060] (robot_waypoint_pkg) StderrLine: {'line': b'\x1b[01m\x1b[K/usr/include/c++/11/variant:1698:5:\x1b[m\x1b[K \x1b[01;36m\x1b[Knote: \x1b[m\x1b[Kcandidate: \xe2\x80\x98\x1b[01m\x1b[Ktemplate<long unsigned int _Np, class ... _Types> constexpr std::variant_alternative_t<_Np, std::variant<_Types ...> >& std::get(const std::variant<_Types ...>&)\x1b[m\x1b[K\xe2\x80\x99\n'}
[2.761116] (robot_waypoint_pkg) StderrLine: {'line': b' 1698 |     \x1b[01;36m\x1b[Kget\x1b[m\x1b[K(const variant<_Types...>& __v)\n'}
[2.761170] (robot_waypoint_pkg) StderrLine: {'line': b'      |     \x1b[01;36m\x1b[K^~~\x1b[m\x1b[K\n'}
[2.761223] (robot_waypoint_pkg) StderrLine: {'line': b'\x1b[01m\x1b[K/usr/include/c++/11/variant:1698:5:\x1b[m\x1b[K \x1b[01;36m\x1b[Knote: \x1b[m\x1b[K  template argument deduction/substitution failed:\n'}
[2.761282] (robot_waypoint_pkg) StderrLine: {'line': b'\x1b[01m\x1b[K/home/syafihidayat/Documents/robot_smoothing/src/robot_waypoint_pkg/src/robot_waypoint.cpp:98:52:\x1b[m\x1b[K \x1b[01;36m\x1b[Knote: \x1b[m\x1b[K  \xe2\x80\x98\x1b[01m\x1b[K__gnu_cxx::__alloc_traits<std::allocator<std::tuple<double, double, double> >, std::tuple<double, double, double> >::value_type\x1b[m\x1b[K\xe2\x80\x99 {aka \xe2\x80\x98\x1b[01m\x1b[Kstd::tuple<double, double, double>\x1b[m\x1b[K\xe2\x80\x99} is not derived from \xe2\x80\x98\x1b[01m\x1b[Kconst std::variant<_Types ...>\x1b[m\x1b[K\xe2\x80\x99\n'}
[2.761337] (robot_waypoint_pkg) StderrLine: {'line': b'   98 |     speed_msg.data = static_cast<float>(\x1b[01;36m\x1b[Kstd::get<3>(waypoint[current_waypoint_index])\x1b[m\x1b[K);\n'}
[2.761390] (robot_waypoint_pkg) StderrLine: {'line': b'      |                                         \x1b[01;36m\x1b[K~~~~~~~~~~~^~~~~~~~~~~~~~~~~~~~~~~~~~~~~~~~~~\x1b[m\x1b[K\n'}
[2.761443] (robot_waypoint_pkg) StderrLine: {'line': b'In file included from \x1b[01m\x1b[K/opt/ros/humble/include/rclcpp/rclcpp/client.hpp:28\x1b[m\x1b[K,\n'}
[2.761497] (robot_waypoint_pkg) StderrLine: {'line': b'                 from \x1b[01m\x1b[K/opt/ros/humble/include/rclcpp/rclcpp/callback_group.hpp:24\x1b[m\x1b[K,\n'}
[2.761550] (robot_waypoint_pkg) StderrLine: {'line': b'                 from \x1b[01m\x1b[K/opt/ros/humble/include/rclcpp/rclcpp/any_executable.hpp:20\x1b[m\x1b[K,\n'}
[2.761602] (robot_waypoint_pkg) StderrLine: {'line': b'                 from \x1b[01m\x1b[K/opt/ros/humble/include/rclcpp/rclcpp/memory_strategy.hpp:25\x1b[m\x1b[K,\n'}
[2.761655] (robot_waypoint_pkg) StderrLine: {'line': b'                 from \x1b[01m\x1b[K/opt/ros/humble/include/rclcpp/rclcpp/memory_strategies.hpp:18\x1b[m\x1b[K,\n'}
[2.761708] (robot_waypoint_pkg) StderrLine: {'line': b'                 from \x1b[01m\x1b[K/opt/ros/humble/include/rclcpp/rclcpp/executor_options.hpp:20\x1b[m\x1b[K,\n'}
[2.761761] (robot_waypoint_pkg) StderrLine: {'line': b'                 from \x1b[01m\x1b[K/opt/ros/humble/include/rclcpp/rclcpp/executor.hpp:37\x1b[m\x1b[K,\n'}
[2.761813] (robot_waypoint_pkg) StderrLine: {'line': b'                 from \x1b[01m\x1b[K/opt/ros/humble/include/rclcpp/rclcpp/executors/multi_threaded_executor.hpp:25\x1b[m\x1b[K,\n'}
[2.761866] (robot_waypoint_pkg) StderrLine: {'line': b'                 from \x1b[01m\x1b[K/opt/ros/humble/include/rclcpp/rclcpp/executors.hpp:21\x1b[m\x1b[K,\n'}
[2.761946] (robot_waypoint_pkg) StderrLine: {'line': b'                 from \x1b[01m\x1b[K/opt/ros/humble/include/rclcpp/rclcpp/rclcpp.hpp:155\x1b[m\x1b[K,\n'}
[2.762008] (robot_waypoint_pkg) StderrLine: {'line': b'                 from \x1b[01m\x1b[K/home/syafihidayat/Documents/robot_smoothing/src/robot_waypoint_pkg/src/robot_waypoint.cpp:2\x1b[m\x1b[K:\n'}
[2.762061] (robot_waypoint_pkg) StderrLine: {'line': b'\x1b[01m\x1b[K/usr/include/c++/11/variant:1709:5:\x1b[m\x1b[K \x1b[01;36m\x1b[Knote: \x1b[m\x1b[Kcandidate: \xe2\x80\x98\x1b[01m\x1b[Ktemplate<long unsigned int _Np, class ... _Types> constexpr std::variant_alternative_t<_Np, std::variant<_Types ...> >&& std::get(const std::variant<_Types ...>&&)\x1b[m\x1b[K\xe2\x80\x99\n'}
[2.762116] (robot_waypoint_pkg) StderrLine: {'line': b' 1709 |     \x1b[01;36m\x1b[Kget\x1b[m\x1b[K(const variant<_Types...>&& __v)\n'}
[2.762170] (robot_waypoint_pkg) StderrLine: {'line': b'      |     \x1b[01;36m\x1b[K^~~\x1b[m\x1b[K\n'}
[2.762225] (robot_waypoint_pkg) StderrLine: {'line': b'\x1b[01m\x1b[K/usr/include/c++/11/variant:1709:5:\x1b[m\x1b[K \x1b[01;36m\x1b[Knote: \x1b[m\x1b[K  template argument deduction/substitution failed:\n'}
[2.762279] (robot_waypoint_pkg) StderrLine: {'line': b'\x1b[01m\x1b[K/home/syafihidayat/Documents/robot_smoothing/src/robot_waypoint_pkg/src/robot_waypoint.cpp:98:52:\x1b[m\x1b[K \x1b[01;36m\x1b[Knote: \x1b[m\x1b[K  \xe2\x80\x98\x1b[01m\x1b[K__gnu_cxx::__alloc_traits<std::allocator<std::tuple<double, double, double> >, std::tuple<double, double, double> >::value_type\x1b[m\x1b[K\xe2\x80\x99 {aka \xe2\x80\x98\x1b[01m\x1b[Kstd::tuple<double, double, double>\x1b[m\x1b[K\xe2\x80\x99} is not derived from \xe2\x80\x98\x1b[01m\x1b[Kconst std::variant<_Types ...>\x1b[m\x1b[K\xe2\x80\x99\n'}
[2.762349] (robot_waypoint_pkg) StderrLine: {'line': b'   98 |     speed_msg.data = static_cast<float>(\x1b[01;36m\x1b[Kstd::get<3>(waypoint[current_waypoint_index])\x1b[m\x1b[K);\n'}
[2.762402] (robot_waypoint_pkg) StderrLine: {'line': b'      |                                         \x1b[01;36m\x1b[K~~~~~~~~~~~^~~~~~~~~~~~~~~~~~~~~~~~~~~~~~~~~~\x1b[m\x1b[K\n'}
[2.762455] (robot_waypoint_pkg) StderrLine: {'line': b'In file included from \x1b[01m\x1b[K/opt/ros/humble/include/rclcpp/rclcpp/client.hpp:28\x1b[m\x1b[K,\n'}
[2.762508] (robot_waypoint_pkg) StderrLine: {'line': b'                 from \x1b[01m\x1b[K/opt/ros/humble/include/rclcpp/rclcpp/callback_group.hpp:24\x1b[m\x1b[K,\n'}
[2.762561] (robot_waypoint_pkg) StderrLine: {'line': b'                 from \x1b[01m\x1b[K/opt/ros/humble/include/rclcpp/rclcpp/any_executable.hpp:20\x1b[m\x1b[K,\n'}
[2.762619] (robot_waypoint_pkg) StderrLine: {'line': b'                 from \x1b[01m\x1b[K/opt/ros/humble/include/rclcpp/rclcpp/memory_strategy.hpp:25\x1b[m\x1b[K,\n'}
[2.762672] (robot_waypoint_pkg) StderrLine: {'line': b'                 from \x1b[01m\x1b[K/opt/ros/humble/include/rclcpp/rclcpp/memory_strategies.hpp:18\x1b[m\x1b[K,\n'}
[2.762725] (robot_waypoint_pkg) StderrLine: {'line': b'                 from \x1b[01m\x1b[K/opt/ros/humble/include/rclcpp/rclcpp/executor_options.hpp:20\x1b[m\x1b[K,\n'}
[2.762778] (robot_waypoint_pkg) StderrLine: {'line': b'                 from \x1b[01m\x1b[K/opt/ros/humble/include/rclcpp/rclcpp/executor.hpp:37\x1b[m\x1b[K,\n'}
[2.762831] (robot_waypoint_pkg) StderrLine: {'line': b'                 from \x1b[01m\x1b[K/opt/ros/humble/include/rclcpp/rclcpp/executors/multi_threaded_executor.hpp:25\x1b[m\x1b[K,\n'}
[2.762887] (robot_waypoint_pkg) StderrLine: {'line': b'                 from \x1b[01m\x1b[K/opt/ros/humble/include/rclcpp/rclcpp/executors.hpp:21\x1b[m\x1b[K,\n'}
[2.762956] (robot_waypoint_pkg) StderrLine: {'line': b'                 from \x1b[01m\x1b[K/opt/ros/humble/include/rclcpp/rclcpp/rclcpp.hpp:155\x1b[m\x1b[K,\n'}
[2.763011] (robot_waypoint_pkg) StderrLine: {'line': b'                 from \x1b[01m\x1b[K/home/syafihidayat/Documents/robot_smoothing/src/robot_waypoint_pkg/src/robot_waypoint.cpp:2\x1b[m\x1b[K:\n'}
[2.763064] (robot_waypoint_pkg) StderrLine: {'line': b'\x1b[01m\x1b[K/usr/include/c++/11/variant:1117:20:\x1b[m\x1b[K \x1b[01;36m\x1b[Knote: \x1b[m\x1b[Kcandidate: \xe2\x80\x98\x1b[01m\x1b[Ktemplate<class _Tp, class ... _Types> constexpr _Tp& std::get(std::variant<_Types ...>&)\x1b[m\x1b[K\xe2\x80\x99\n'}
[2.763119] (robot_waypoint_pkg) StderrLine: {'line': b' 1117 |     constexpr _Tp& \x1b[01;36m\x1b[Kget\x1b[m\x1b[K(variant<_Types...>& __v)\n'}
[2.763172] (robot_waypoint_pkg) StderrLine: {'line': b'      |                    \x1b[01;36m\x1b[K^~~\x1b[m\x1b[K\n'}
[2.763225] (robot_waypoint_pkg) StderrLine: {'line': b'\x1b[01m\x1b[K/usr/include/c++/11/variant:1117:20:\x1b[m\x1b[K \x1b[01;36m\x1b[Knote: \x1b[m\x1b[K  template argument deduction/substitution failed:\n'}
[2.763277] (robot_waypoint_pkg) StderrLine: {'line': b'\x1b[01m\x1b[K/home/syafihidayat/Documents/robot_smoothing/src/robot_waypoint_pkg/src/robot_waypoint.cpp:98:52:\x1b[m\x1b[K \x1b[01;31m\x1b[Kerror: \x1b[m\x1b[Ktype/value mismatch at argument 1 in template parameter list for \xe2\x80\x98\x1b[01m\x1b[Ktemplate<class _Tp, class ... _Types> constexpr _Tp& std::get(std::variant<_Types ...>&)\x1b[m\x1b[K\xe2\x80\x99\n'}
[2.763332] (robot_waypoint_pkg) StderrLine: {'line': b'   98 |     speed_msg.data = static_cast<float>(\x1b[01;31m\x1b[Kstd::get<3>(waypoint[current_waypoint_index])\x1b[m\x1b[K);\n'}
[2.763385] (robot_waypoint_pkg) StderrLine: {'line': b'      |                                         \x1b[01;31m\x1b[K~~~~~~~~~~~^~~~~~~~~~~~~~~~~~~~~~~~~~~~~~~~~~\x1b[m\x1b[K\n'}
[2.763444] (robot_waypoint_pkg) StderrLine: {'line': b'\x1b[01m\x1b[K/home/syafihidayat/Documents/robot_smoothing/src/robot_waypoint_pkg/src/robot_waypoint.cpp:98:52:\x1b[m\x1b[K \x1b[01;36m\x1b[Knote: \x1b[m\x1b[K  expected a type, got \xe2\x80\x98\x1b[01m\x1b[K3\x1b[m\x1b[K\xe2\x80\x99\n'}
[2.763498] (robot_waypoint_pkg) StderrLine: {'line': b'In file included from \x1b[01m\x1b[K/opt/ros/humble/include/rclcpp/rclcpp/client.hpp:28\x1b[m\x1b[K,\n'}
[2.763551] (robot_waypoint_pkg) StderrLine: {'line': b'                 from \x1b[01m\x1b[K/opt/ros/humble/include/rclcpp/rclcpp/callback_group.hpp:24\x1b[m\x1b[K,\n'}
[2.763604] (robot_waypoint_pkg) StderrLine: {'line': b'                 from \x1b[01m\x1b[K/opt/ros/humble/include/rclcpp/rclcpp/any_executable.hpp:20\x1b[m\x1b[K,\n'}
[2.763657] (robot_waypoint_pkg) StderrLine: {'line': b'                 from \x1b[01m\x1b[K/opt/ros/humble/include/rclcpp/rclcpp/memory_strategy.hpp:25\x1b[m\x1b[K,\n'}
[2.763710] (robot_waypoint_pkg) StderrLine: {'line': b'                 from \x1b[01m\x1b[K/opt/ros/humble/include/rclcpp/rclcpp/memory_strategies.hpp:18\x1b[m\x1b[K,\n'}
[2.763763] (robot_waypoint_pkg) StderrLine: {'line': b'                 from \x1b[01m\x1b[K/opt/ros/humble/include/rclcpp/rclcpp/executor_options.hpp:20\x1b[m\x1b[K,\n'}
[2.763816] (robot_waypoint_pkg) StderrLine: {'line': b'                 from \x1b[01m\x1b[K/opt/ros/humble/include/rclcpp/rclcpp/executor.hpp:37\x1b[m\x1b[K,\n'}
[2.763872] (robot_waypoint_pkg) StderrLine: {'line': b'                 from \x1b[01m\x1b[K/opt/ros/humble/include/rclcpp/rclcpp/executors/multi_threaded_executor.hpp:25\x1b[m\x1b[K,\n'}
[2.763933] (robot_waypoint_pkg) StderrLine: {'line': b'                 from \x1b[01m\x1b[K/opt/ros/humble/include/rclcpp/rclcpp/executors.hpp:21\x1b[m\x1b[K,\n'}
[2.763993] (robot_waypoint_pkg) StderrLine: {'line': b'                 from \x1b[01m\x1b[K/opt/ros/humble/include/rclcpp/rclcpp/rclcpp.hpp:155\x1b[m\x1b[K,\n'}
[2.764046] (robot_waypoint_pkg) StderrLine: {'line': b'                 from \x1b[01m\x1b[K/home/syafihidayat/Documents/robot_smoothing/src/robot_waypoint_pkg/src/robot_waypoint.cpp:2\x1b[m\x1b[K:\n'}
[2.764099] (robot_waypoint_pkg) StderrLine: {'line': b'\x1b[01m\x1b[K/usr/include/c++/11/variant:1126:21:\x1b[m\x1b[K \x1b[01;36m\x1b[Knote: \x1b[m\x1b[Kcandidate: \xe2\x80\x98\x1b[01m\x1b[Ktemplate<class _Tp, class ... _Types> constexpr _Tp&& std::get(std::variant<_Types ...>&&)\x1b[m\x1b[K\xe2\x80\x99\n'}
[2.764153] (robot_waypoint_pkg) StderrLine: {'line': b' 1126 |     constexpr _Tp&& \x1b[01;36m\x1b[Kget\x1b[m\x1b[K(variant<_Types...>&& __v)\n'}
[2.764206] (robot_waypoint_pkg) StderrLine: {'line': b'      |                     \x1b[01;36m\x1b[K^~~\x1b[m\x1b[K\n'}
[2.764259] (robot_waypoint_pkg) StderrLine: {'line': b'\x1b[01m\x1b[K/usr/include/c++/11/variant:1126:21:\x1b[m\x1b[K \x1b[01;36m\x1b[Knote: \x1b[m\x1b[K  template argument deduction/substitution failed:\n'}
[2.764318] (robot_waypoint_pkg) StderrLine: {'line': b'\x1b[01m\x1b[K/home/syafihidayat/Documents/robot_smoothing/src/robot_waypoint_pkg/src/robot_waypoint.cpp:98:52:\x1b[m\x1b[K \x1b[01;31m\x1b[Kerror: \x1b[m\x1b[Ktype/value mismatch at argument 1 in template parameter list for \xe2\x80\x98\x1b[01m\x1b[Ktemplate<class _Tp, class ... _Types> constexpr _Tp&& std::get(std::variant<_Types ...>&&)\x1b[m\x1b[K\xe2\x80\x99\n'}
[2.764381] (robot_waypoint_pkg) StderrLine: {'line': b'   98 |     speed_msg.data = static_cast<float>(\x1b[01;31m\x1b[Kstd::get<3>(waypoint[current_waypoint_index])\x1b[m\x1b[K);\n'}
[2.764435] (robot_waypoint_pkg) StderrLine: {'line': b'      |                                         \x1b[01;31m\x1b[K~~~~~~~~~~~^~~~~~~~~~~~~~~~~~~~~~~~~~~~~~~~~~\x1b[m\x1b[K\n'}
[2.764488] (robot_waypoint_pkg) StderrLine: {'line': b'\x1b[01m\x1b[K/home/syafihidayat/Documents/robot_smoothing/src/robot_waypoint_pkg/src/robot_waypoint.cpp:98:52:\x1b[m\x1b[K \x1b[01;36m\x1b[Knote: \x1b[m\x1b[K  expected a type, got \xe2\x80\x98\x1b[01m\x1b[K3\x1b[m\x1b[K\xe2\x80\x99\n'}
[2.764541] (robot_waypoint_pkg) StderrLine: {'line': b'In file included from \x1b[01m\x1b[K/opt/ros/humble/include/rclcpp/rclcpp/client.hpp:28\x1b[m\x1b[K,\n'}
[2.764600] (robot_waypoint_pkg) StderrLine: {'line': b'                 from \x1b[01m\x1b[K/opt/ros/humble/include/rclcpp/rclcpp/callback_group.hpp:24\x1b[m\x1b[K,\n'}
[2.764653] (robot_waypoint_pkg) StderrLine: {'line': b'                 from \x1b[01m\x1b[K/opt/ros/humble/include/rclcpp/rclcpp/any_executable.hpp:20\x1b[m\x1b[K,\n'}
[2.764706] (robot_waypoint_pkg) StderrLine: {'line': b'                 from \x1b[01m\x1b[K/opt/ros/humble/include/rclcpp/rclcpp/memory_strategy.hpp:25\x1b[m\x1b[K,\n'}
[2.764759] (robot_waypoint_pkg) StderrLine: {'line': b'                 from \x1b[01m\x1b[K/opt/ros/humble/include/rclcpp/rclcpp/memory_strategies.hpp:18\x1b[m\x1b[K,\n'}
[2.764812] (robot_waypoint_pkg) StderrLine: {'line': b'                 from \x1b[01m\x1b[K/opt/ros/humble/include/rclcpp/rclcpp/executor_options.hpp:20\x1b[m\x1b[K,\n'}
[2.764865] (robot_waypoint_pkg) StderrLine: {'line': b'                 from \x1b[01m\x1b[K/opt/ros/humble/include/rclcpp/rclcpp/executor.hpp:37\x1b[m\x1b[K,\n'}
[2.764924] (robot_waypoint_pkg) StderrLine: {'line': b'                 from \x1b[01m\x1b[K/opt/ros/humble/include/rclcpp/rclcpp/executors/multi_threaded_executor.hpp:25\x1b[m\x1b[K,\n'}
[2.764984] (robot_waypoint_pkg) StderrLine: {'line': b'                 from \x1b[01m\x1b[K/opt/ros/humble/include/rclcpp/rclcpp/executors.hpp:21\x1b[m\x1b[K,\n'}
[2.765037] (robot_waypoint_pkg) StderrLine: {'line': b'                 from \x1b[01m\x1b[K/opt/ros/humble/include/rclcpp/rclcpp/rclcpp.hpp:155\x1b[m\x1b[K,\n'}
[2.765090] (robot_waypoint_pkg) StderrLine: {'line': b'                 from \x1b[01m\x1b[K/home/syafihidayat/Documents/robot_smoothing/src/robot_waypoint_pkg/src/robot_waypoint.cpp:2\x1b[m\x1b[K:\n'}
[2.765143] (robot_waypoint_pkg) StderrLine: {'line': b'\x1b[01m\x1b[K/usr/include/c++/11/variant:1136:26:\x1b[m\x1b[K \x1b[01;36m\x1b[Knote: \x1b[m\x1b[Kcandidate: \xe2\x80\x98\x1b[01m\x1b[Ktemplate<class _Tp, class ... _Types> constexpr const _Tp& std::get(const std::variant<_Types ...>&)\x1b[m\x1b[K\xe2\x80\x99\n'}
[2.765198] (robot_waypoint_pkg) StderrLine: {'line': b' 1136 |     constexpr const _Tp& \x1b[01;36m\x1b[Kget\x1b[m\x1b[K(const variant<_Types...>& __v)\n'}
[2.765250] (robot_waypoint_pkg) StderrLine: {'line': b'      |                          \x1b[01;36m\x1b[K^~~\x1b[m\x1b[K\n'}
[2.765304] (robot_waypoint_pkg) StderrLine: {'line': b'\x1b[01m\x1b[K/usr/include/c++/11/variant:1136:26:\x1b[m\x1b[K \x1b[01;36m\x1b[Knote: \x1b[m\x1b[K  template argument deduction/substitution failed:\n'}
[2.765357] (robot_waypoint_pkg) StderrLine: {'line': b'\x1b[01m\x1b[K/home/syafihidayat/Documents/robot_smoothing/src/robot_waypoint_pkg/src/robot_waypoint.cpp:98:52:\x1b[m\x1b[K \x1b[01;31m\x1b[Kerror: \x1b[m\x1b[Ktype/value mismatch at argument 1 in template parameter list for \xe2\x80\x98\x1b[01m\x1b[Ktemplate<class _Tp, class ... _Types> constexpr const _Tp& std::get(const std::variant<_Types ...>&)\x1b[m\x1b[K\xe2\x80\x99\n'}
[2.765418] (robot_waypoint_pkg) StderrLine: {'line': b'   98 |     speed_msg.data = static_cast<float>(\x1b[01;31m\x1b[Kstd::get<3>(waypoint[current_waypoint_index])\x1b[m\x1b[K);\n'}
[2.765472] (robot_waypoint_pkg) StderrLine: {'line': b'      |                                         \x1b[01;31m\x1b[K~~~~~~~~~~~^~~~~~~~~~~~~~~~~~~~~~~~~~~~~~~~~~\x1b[m\x1b[K\n'}
[2.765525] (robot_waypoint_pkg) StderrLine: {'line': b'\x1b[01m\x1b[K/home/syafihidayat/Documents/robot_smoothing/src/robot_waypoint_pkg/src/robot_waypoint.cpp:98:52:\x1b[m\x1b[K \x1b[01;36m\x1b[Knote: \x1b[m\x1b[K  expected a type, got \xe2\x80\x98\x1b[01m\x1b[K3\x1b[m\x1b[K\xe2\x80\x99\n'}
[2.765578] (robot_waypoint_pkg) StderrLine: {'line': b'In file included from \x1b[01m\x1b[K/opt/ros/humble/include/rclcpp/rclcpp/client.hpp:28\x1b[m\x1b[K,\n'}
[2.765631] (robot_waypoint_pkg) StderrLine: {'line': b'                 from \x1b[01m\x1b[K/opt/ros/humble/include/rclcpp/rclcpp/callback_group.hpp:24\x1b[m\x1b[K,\n'}
[2.765690] (robot_waypoint_pkg) StderrLine: {'line': b'                 from \x1b[01m\x1b[K/opt/ros/humble/include/rclcpp/rclcpp/any_executable.hpp:20\x1b[m\x1b[K,\n'}
[2.765743] (robot_waypoint_pkg) StderrLine: {'line': b'                 from \x1b[01m\x1b[K/opt/ros/humble/include/rclcpp/rclcpp/memory_strategy.hpp:25\x1b[m\x1b[K,\n'}
[2.765795] (robot_waypoint_pkg) StderrLine: {'line': b'                 from \x1b[01m\x1b[K/opt/ros/humble/include/rclcpp/rclcpp/memory_strategies.hpp:18\x1b[m\x1b[K,\n'}
[2.765849] (robot_waypoint_pkg) StderrLine: {'line': b'                 from \x1b[01m\x1b[K/opt/ros/humble/include/rclcpp/rclcpp/executor_options.hpp:20\x1b[m\x1b[K,\n'}
[2.765908] (robot_waypoint_pkg) StderrLine: {'line': b'                 from \x1b[01m\x1b[K/opt/ros/humble/include/rclcpp/rclcpp/executor.hpp:37\x1b[m\x1b[K,\n'}
[2.765971] (robot_waypoint_pkg) StderrLine: {'line': b'                 from \x1b[01m\x1b[K/opt/ros/humble/include/rclcpp/rclcpp/executors/multi_threaded_executor.hpp:25\x1b[m\x1b[K,\n'}
[2.766024] (robot_waypoint_pkg) StderrLine: {'line': b'                 from \x1b[01m\x1b[K/opt/ros/humble/include/rclcpp/rclcpp/executors.hpp:21\x1b[m\x1b[K,\n'}
[2.766078] (robot_waypoint_pkg) StderrLine: {'line': b'                 from \x1b[01m\x1b[K/opt/ros/humble/include/rclcpp/rclcpp/rclcpp.hpp:155\x1b[m\x1b[K,\n'}
[2.766130] (robot_waypoint_pkg) StderrLine: {'line': b'                 from \x1b[01m\x1b[K/home/syafihidayat/Documents/robot_smoothing/src/robot_waypoint_pkg/src/robot_waypoint.cpp:2\x1b[m\x1b[K:\n'}
[2.766194] (robot_waypoint_pkg) StderrLine: {'line': b'\x1b[01m\x1b[K/usr/include/c++/11/variant:1145:27:\x1b[m\x1b[K \x1b[01;36m\x1b[Knote: \x1b[m\x1b[Kcandidate: \xe2\x80\x98\x1b[01m\x1b[Ktemplate<class _Tp, class ... _Types> constexpr const _Tp&& std::get(const std::variant<_Types ...>&&)\x1b[m\x1b[K\xe2\x80\x99\n'}
[2.766256] (robot_waypoint_pkg) StderrLine: {'line': b' 1145 |     constexpr const _Tp&& \x1b[01;36m\x1b[Kget\x1b[m\x1b[K(const variant<_Types...>&& __v)\n'}
[2.766309] (robot_waypoint_pkg) StderrLine: {'line': b'      |                           \x1b[01;36m\x1b[K^~~\x1b[m\x1b[K\n'}
[2.766362] (robot_waypoint_pkg) StderrLine: {'line': b'\x1b[01m\x1b[K/usr/include/c++/11/variant:1145:27:\x1b[m\x1b[K \x1b[01;36m\x1b[Knote: \x1b[m\x1b[K  template argument deduction/substitution failed:\n'}
[2.766415] (robot_waypoint_pkg) StderrLine: {'line': b'\x1b[01m\x1b[K/home/syafihidayat/Documents/robot_smoothing/src/robot_waypoint_pkg/src/robot_waypoint.cpp:98:52:\x1b[m\x1b[K \x1b[01;31m\x1b[Kerror: \x1b[m\x1b[Ktype/value mismatch at argument 1 in template parameter list for \xe2\x80\x98\x1b[01m\x1b[Ktemplate<class _Tp, class ... _Types> constexpr const _Tp&& std::get(const std::variant<_Types ...>&&)\x1b[m\x1b[K\xe2\x80\x99\n'}
[2.766470] (robot_waypoint_pkg) StderrLine: {'line': b'   98 |     speed_msg.data = static_cast<float>(\x1b[01;31m\x1b[Kstd::get<3>(waypoint[current_waypoint_index])\x1b[m\x1b[K);\n'}
[2.766523] (robot_waypoint_pkg) StderrLine: {'line': b'      |                                         \x1b[01;31m\x1b[K~~~~~~~~~~~^~~~~~~~~~~~~~~~~~~~~~~~~~~~~~~~~~\x1b[m\x1b[K\n'}
[2.766576] (robot_waypoint_pkg) StderrLine: {'line': b'\x1b[01m\x1b[K/home/syafihidayat/Documents/robot_smoothing/src/robot_waypoint_pkg/src/robot_waypoint.cpp:98:52:\x1b[m\x1b[K \x1b[01;36m\x1b[Knote: \x1b[m\x1b[K  expected a type, got \xe2\x80\x98\x1b[01m\x1b[K3\x1b[m\x1b[K\xe2\x80\x99\n'}
[2.811860] (-) TimerEvent: {}
[2.912309] (-) TimerEvent: {}
[3.012792] (-) TimerEvent: {}
[3.113286] (-) TimerEvent: {}
[3.217455] (-) TimerEvent: {}
[3.340559] (-) TimerEvent: {}
[3.505011] (-) TimerEvent: {}
[3.627963] (-) TimerEvent: {}
[3.741042] (-) TimerEvent: {}
[3.856842] (-) TimerEvent: {}
[3.962447] (-) TimerEvent: {}
[4.097053] (-) TimerEvent: {}
[4.252140] (-) TimerEvent: {}
[4.404458] (-) TimerEvent: {}
[4.576275] (-) TimerEvent: {}
[4.752214] (-) TimerEvent: {}
[4.915785] (-) TimerEvent: {}
[5.117274] (-) TimerEvent: {}
[5.298144] (-) TimerEvent: {}
[5.464710] (-) TimerEvent: {}
[5.588124] (-) TimerEvent: {}
[5.746497] (-) TimerEvent: {}
[5.900089] (-) TimerEvent: {}
[6.028714] (-) TimerEvent: {}
[6.158059] (-) TimerEvent: {}
[6.315656] (-) TimerEvent: {}
[6.451160] (-) TimerEvent: {}
[6.613323] (-) TimerEvent: {}
[6.774287] (-) TimerEvent: {}
[6.964302] (-) TimerEvent: {}
[7.130811] (-) TimerEvent: {}
[7.342619] (-) TimerEvent: {}
[7.487369] (-) TimerEvent: {}
[7.658175] (-) TimerEvent: {}
[7.830302] (-) TimerEvent: {}
[8.068404] (-) TimerEvent: {}
[8.239389] (-) TimerEvent: {}
[8.473655] (-) TimerEvent: {}
[8.655750] (-) TimerEvent: {}
[8.826161] (-) TimerEvent: {}
[9.035124] (-) TimerEvent: {}
[9.349646] (-) TimerEvent: {}
[9.545797] (-) TimerEvent: {}
[9.941417] (-) TimerEvent: {}
[10.292032] (-) TimerEvent: {}
[10.957407] (-) TimerEvent: {}
[11.792615] (-) TimerEvent: {}
[12.504654] (-) TimerEvent: {}
[13.837043] (-) TimerEvent: {}
[14.269774] (-) TimerEvent: {}
[14.584935] (-) TimerEvent: {}
[15.236577] (-) TimerEvent: {}
[15.944654] (-) TimerEvent: {}
[16.584129] (-) TimerEvent: {}
[17.976437] (-) TimerEvent: {}
[19.299948] (-) TimerEvent: {}
[19.575585] (-) TimerEvent: {}
[19.842111] (-) TimerEvent: {}
[20.025074] (-) TimerEvent: {}
[20.517326] (-) TimerEvent: {}
[21.070478] (-) TimerEvent: {}
[21.674985] (-) TimerEvent: {}
[21.889014] (-) TimerEvent: {}
[22.064215] (-) TimerEvent: {}
[22.253757] (-) TimerEvent: {}
[22.444982] (-) TimerEvent: {}
[22.626128] (-) TimerEvent: {}
[22.850156] (-) TimerEvent: {}
[23.023825] (-) TimerEvent: {}
[23.195867] (-) TimerEvent: {}
[23.357228] (-) TimerEvent: {}
[23.524441] (-) TimerEvent: {}
[23.703182] (-) TimerEvent: {}
[23.848321] (-) TimerEvent: {}
[23.994879] (-) TimerEvent: {}
[24.173879] (-) TimerEvent: {}
[24.452620] (-) TimerEvent: {}
[25.070956] (-) TimerEvent: {}
[25.399518] (-) TimerEvent: {}
[25.624249] (-) TimerEvent: {}
[26.041498] (-) TimerEvent: {}
[26.346320] (-) TimerEvent: {}
[26.531026] (-) TimerEvent: {}
[26.728695] (-) TimerEvent: {}
[26.921255] (-) TimerEvent: {}
[27.103163] (-) TimerEvent: {}
[27.322207] (-) TimerEvent: {}
[27.675447] (-) TimerEvent: {}
[27.883186] (-) TimerEvent: {}
[28.115251] (-) TimerEvent: {}
[28.345353] (-) TimerEvent: {}
[28.540024] (-) TimerEvent: {}
[28.724250] (-) TimerEvent: {}
[29.009473] (-) TimerEvent: {}
[29.156839] (-) TimerEvent: {}
[29.302039] (-) TimerEvent: {}
[29.436595] (-) TimerEvent: {}
[29.638115] (-) TimerEvent: {}
[30.044464] (-) TimerEvent: {}
[30.271697] (-) TimerEvent: {}
[30.854994] (-) TimerEvent: {}
[31.360665] (-) TimerEvent: {}
[31.693283] (-) TimerEvent: {}
[31.909607] (-) TimerEvent: {}
[32.260009] (-) TimerEvent: {}
[32.679104] (-) TimerEvent: {}
[32.896891] (-) TimerEvent: {}
[33.180012] (-) TimerEvent: {}
[33.396229] (-) TimerEvent: {}
[33.637696] (-) TimerEvent: {}
[34.077549] (-) TimerEvent: {}
[34.699239] (-) TimerEvent: {}
[34.983498] (-) TimerEvent: {}
[35.291003] (-) TimerEvent: {}
[35.618617] (-) TimerEvent: {}
[36.276898] (-) TimerEvent: {}
[36.708142] (-) TimerEvent: {}
[37.019679] (-) TimerEvent: {}
[37.438562] (-) TimerEvent: {}
[37.680072] (-) TimerEvent: {}
[38.191926] (-) TimerEvent: {}
[38.380737] (-) TimerEvent: {}
[38.767779] (-) TimerEvent: {}
[39.084562] (-) TimerEvent: {}
[39.311314] (-) TimerEvent: {}
[39.893327] (-) TimerEvent: {}
[40.657763] (-) TimerEvent: {}
[40.921809] (-) TimerEvent: {}
[41.213288] (-) TimerEvent: {}
[41.440222] (-) TimerEvent: {}
[41.647358] (-) TimerEvent: {}
[41.835502] (-) TimerEvent: {}
[42.041676] (-) TimerEvent: {}
[42.283196] (-) TimerEvent: {}
[42.502551] (-) TimerEvent: {}
[42.730099] (-) TimerEvent: {}
[42.910183] (-) TimerEvent: {}
[43.079986] (-) TimerEvent: {}
[43.267103] (-) TimerEvent: {}
[43.460833] (-) TimerEvent: {}
[43.738504] (-) TimerEvent: {}
[43.964715] (-) TimerEvent: {}
[44.128542] (-) TimerEvent: {}
[44.307026] (-) TimerEvent: {}
[44.512929] (-) TimerEvent: {}
[44.729584] (-) TimerEvent: {}
[44.967015] (-) TimerEvent: {}
[45.170242] (-) TimerEvent: {}
[45.393057] (-) TimerEvent: {}
[45.603726] (-) TimerEvent: {}
[45.807978] (-) TimerEvent: {}
[46.044001] (-) TimerEvent: {}
[46.257520] (-) TimerEvent: {}
[46.511511] (-) TimerEvent: {}
[46.715782] (-) TimerEvent: {}
[46.942418] (-) TimerEvent: {}
[47.130039] (-) TimerEvent: {}
[47.299541] (-) TimerEvent: {}
[47.534083] (-) TimerEvent: {}
[47.869576] (-) TimerEvent: {}
[48.072292] (-) TimerEvent: {}
[48.270244] (-) TimerEvent: {}
[48.520150] (-) TimerEvent: {}
[48.796640] (-) TimerEvent: {}
[49.015092] (-) TimerEvent: {}
[49.202997] (-) TimerEvent: {}
[49.392761] (-) TimerEvent: {}
[49.575306] (-) TimerEvent: {}
[49.838127] (-) TimerEvent: {}
[50.195043] (-) TimerEvent: {}
[50.364441] (-) TimerEvent: {}
[50.539866] (-) TimerEvent: {}
[50.740044] (-) TimerEvent: {}
[50.951159] (-) TimerEvent: {}
[51.121987] (-) TimerEvent: {}
[51.272737] (-) TimerEvent: {}
[51.429384] (-) TimerEvent: {}
[51.645900] (-) TimerEvent: {}
[51.841659] (-) TimerEvent: {}
[52.022421] (-) TimerEvent: {}
[52.172284] (-) TimerEvent: {}
[52.310806] (-) TimerEvent: {}
[52.475958] (-) TimerEvent: {}
[52.716806] (-) TimerEvent: {}
[52.902782] (-) TimerEvent: {}
[53.071769] (-) TimerEvent: {}
[53.274632] (-) TimerEvent: {}
[53.466215] (-) TimerEvent: {}
[53.771526] (-) TimerEvent: {}
[54.004256] (-) TimerEvent: {}
[54.239259] (-) TimerEvent: {}
[54.456538] (-) TimerEvent: {}
[54.656777] (-) TimerEvent: {}
[54.860088] (-) TimerEvent: {}
[55.072614] (-) TimerEvent: {}
[55.286455] (-) TimerEvent: {}
[55.519526] (-) TimerEvent: {}
[55.705826] (-) TimerEvent: {}
[55.894155] (-) TimerEvent: {}
[56.104929] (-) TimerEvent: {}
[56.319537] (-) TimerEvent: {}
[56.585353] (-) TimerEvent: {}
[56.826511] (-) TimerEvent: {}
[57.056865] (-) TimerEvent: {}
[57.249759] (-) TimerEvent: {}
[57.545493] (-) TimerEvent: {}
[57.783952] (-) TimerEvent: {}
[58.066450] (-) TimerEvent: {}
[58.272349] (-) TimerEvent: {}
[58.471223] (-) TimerEvent: {}
[58.669135] (-) TimerEvent: {}
[58.909963] (-) TimerEvent: {}
[59.176490] (-) TimerEvent: {}
[59.438268] (-) TimerEvent: {}
[59.656686] (-) TimerEvent: {}
[59.879739] (-) TimerEvent: {}
[60.086476] (-) TimerEvent: {}
[60.486763] (-) TimerEvent: {}
[60.816670] (-) TimerEvent: {}
[61.016220] (-) TimerEvent: {}
[61.244032] (-) TimerEvent: {}
[61.552582] (-) TimerEvent: {}
[61.844622] (-) TimerEvent: {}
[62.043372] (-) TimerEvent: {}
[62.295438] (-) TimerEvent: {}
[62.652391] (-) TimerEvent: {}
[62.927693] (-) TimerEvent: {}
[63.100076] (-) TimerEvent: {}
[63.268965] (-) TimerEvent: {}
[63.429157] (-) TimerEvent: {}
[63.614594] (-) TimerEvent: {}
[63.786246] (-) TimerEvent: {}
[63.968289] (-) TimerEvent: {}
[64.137025] (-) TimerEvent: {}
[64.311448] (-) TimerEvent: {}
[64.480077] (-) TimerEvent: {}
[64.651960] (-) TimerEvent: {}
[64.850706] (-) TimerEvent: {}
[65.098840] (-) TimerEvent: {}
[65.359739] (-) TimerEvent: {}
[65.809448] (-) TimerEvent: {}
[66.060203] (-) TimerEvent: {}
[66.340563] (-) TimerEvent: {}
[66.608439] (-) TimerEvent: {}
[66.789491] (-) TimerEvent: {}
[67.063320] (-) TimerEvent: {}
[67.350279] (-) TimerEvent: {}
[67.516266] (-) TimerEvent: {}
[67.756277] (-) TimerEvent: {}
[67.946791] (-) TimerEvent: {}
[68.114357] (-) TimerEvent: {}
[68.282633] (-) TimerEvent: {}
[68.425341] (-) TimerEvent: {}
[68.565529] (-) TimerEvent: {}
[68.673686] (-) TimerEvent: {}
[68.810965] (-) TimerEvent: {}
[68.989706] (-) TimerEvent: {}
[69.127413] (-) TimerEvent: {}
[69.227802] (-) TimerEvent: {}
[69.365828] (-) TimerEvent: {}
[69.545044] (-) TimerEvent: {}
[69.750594] (-) TimerEvent: {}
[69.950526] (-) TimerEvent: {}
[70.111016] (-) TimerEvent: {}
[70.272950] (-) TimerEvent: {}
[70.408756] (-) TimerEvent: {}
[70.545515] (-) TimerEvent: {}
[70.733517] (-) TimerEvent: {}
[70.909842] (-) TimerEvent: {}
[71.082113] (-) TimerEvent: {}
[71.272743] (-) TimerEvent: {}
[71.434163] (-) TimerEvent: {}
[71.595753] (-) TimerEvent: {}
[71.793951] (-) TimerEvent: {}
[71.983387] (-) TimerEvent: {}
[72.225045] (-) TimerEvent: {}
[72.586341] (-) TimerEvent: {}
[73.034568] (-) TimerEvent: {}
[73.220493] (-) TimerEvent: {}
[73.444409] (-) TimerEvent: {}
[73.668169] (-) TimerEvent: {}
[73.865843] (-) TimerEvent: {}
[74.131123] (-) TimerEvent: {}
[74.325248] (-) TimerEvent: {}
[74.507047] (-) TimerEvent: {}
[74.643976] (-) TimerEvent: {}
[74.779893] (-) TimerEvent: {}
[74.993098] (-) TimerEvent: {}
[75.194085] (-) TimerEvent: {}
[75.425204] (-) TimerEvent: {}
[75.622772] (-) TimerEvent: {}
[75.829801] (-) TimerEvent: {}
[75.974397] (-) TimerEvent: {}
[76.126632] (-) TimerEvent: {}
[76.282739] (-) TimerEvent: {}
[76.465635] (-) TimerEvent: {}
[76.644404] (-) TimerEvent: {}
[76.799200] (-) TimerEvent: {}
[76.992389] (-) TimerEvent: {}
[77.157823] (-) TimerEvent: {}
[77.335175] (-) TimerEvent: {}
[77.515165] (-) TimerEvent: {}
[77.680757] (-) TimerEvent: {}
[77.865097] (-) TimerEvent: {}
[78.038451] (-) TimerEvent: {}
[78.435603] (-) TimerEvent: {}
[78.877826] (-) TimerEvent: {}
[79.149871] (-) TimerEvent: {}
[79.340594] (-) TimerEvent: {}
[79.519288] (-) TimerEvent: {}
[79.710897] (-) TimerEvent: {}
[79.899002] (-) TimerEvent: {}
[80.082354] (-) TimerEvent: {}
[80.367549] (-) TimerEvent: {}
[80.699675] (-) TimerEvent: {}
[80.914114] (-) TimerEvent: {}
[81.197447] (-) TimerEvent: {}
[81.405773] (-) TimerEvent: {}
[81.603481] (-) TimerEvent: {}
[81.748748] (-) TimerEvent: {}
[81.852844] (-) TimerEvent: {}
[81.988000] (-) TimerEvent: {}
[82.165860] (-) TimerEvent: {}
[82.321353] (-) TimerEvent: {}
[82.533148] (-) TimerEvent: {}
[82.707164] (-) TimerEvent: {}
[82.887747] (-) TimerEvent: {}
[83.043847] (-) TimerEvent: {}
[83.298072] (-) TimerEvent: {}
[83.716746] (-) TimerEvent: {}
[83.929760] (-) TimerEvent: {}
[84.130253] (-) TimerEvent: {}
[84.326056] (-) TimerEvent: {}
[84.559651] (-) TimerEvent: {}
[84.857989] (-) TimerEvent: {}
[85.104307] (-) TimerEvent: {}
[85.433992] (-) TimerEvent: {}
[85.611791] (-) TimerEvent: {}
[85.807152] (-) TimerEvent: {}
[85.993816] (-) TimerEvent: {}
[86.156931] (-) TimerEvent: {}
[86.309605] (-) TimerEvent: {}
[86.457521] (-) TimerEvent: {}
[86.577624] (-) TimerEvent: {}
[86.706034] (-) TimerEvent: {}
[86.843813] (-) TimerEvent: {}
[87.015453] (-) TimerEvent: {}
[87.178379] (-) TimerEvent: {}
[87.392117] (-) TimerEvent: {}
[87.582740] (-) TimerEvent: {}
[87.766325] (-) TimerEvent: {}
[87.933601] (-) TimerEvent: {}
[88.129762] (-) TimerEvent: {}
[88.346423] (-) TimerEvent: {}
[88.877975] (-) TimerEvent: {}
[89.191177] (-) TimerEvent: {}
[89.392583] (-) TimerEvent: {}
[89.606661] (-) TimerEvent: {}
[89.810184] (-) TimerEvent: {}
[90.246089] (-) TimerEvent: {}
[90.877612] (-) TimerEvent: {}
[91.702884] (-) TimerEvent: {}
[91.913575] (-) TimerEvent: {}
[92.117247] (-) TimerEvent: {}
[92.337229] (-) TimerEvent: {}
[92.539392] (-) TimerEvent: {}
[93.505372] (-) TimerEvent: {}
[94.528710] (-) TimerEvent: {}
[95.176295] (-) TimerEvent: {}
[95.648804] (-) TimerEvent: {}
[95.877225] (-) TimerEvent: {}
[96.478093] (-) TimerEvent: {}
[96.762928] (-) TimerEvent: {}
[96.971181] (-) TimerEvent: {}
[97.489968] (-) TimerEvent: {}
[98.067758] (-) TimerEvent: {}
[98.370510] (-) TimerEvent: {}
[98.670001] (-) TimerEvent: {}
[98.911544] (-) TimerEvent: {}
[99.081694] (-) TimerEvent: {}
[99.371784] (-) TimerEvent: {}
[99.609952] (-) TimerEvent: {}
[99.887287] (-) TimerEvent: {}
[100.264307] (-) TimerEvent: {}
[100.908690] (-) TimerEvent: {}
[101.258584] (-) TimerEvent: {}
[101.438002] (-) TimerEvent: {}
[101.626332] (-) TimerEvent: {}
[101.941994] (-) TimerEvent: {}
[102.226744] (-) TimerEvent: {}
[102.467338] (-) TimerEvent: {}
[103.072120] (-) TimerEvent: {}
[103.528530] (-) TimerEvent: {}
[104.362610] (-) TimerEvent: {}
[104.796664] (-) TimerEvent: {}
[104.988387] (-) TimerEvent: {}
[105.271698] (-) TimerEvent: {}
[105.497255] (-) TimerEvent: {}
[105.749274] (-) TimerEvent: {}
[106.126266] (-) TimerEvent: {}
[106.337328] (-) TimerEvent: {}
[106.560833] (-) TimerEvent: {}
[106.862210] (-) TimerEvent: {}
[107.104208] (-) TimerEvent: {}
[107.309945] (-) TimerEvent: {}
[107.539752] (-) TimerEvent: {}
[107.823189] (-) TimerEvent: {}
[108.291778] (-) TimerEvent: {}
[108.774287] (-) TimerEvent: {}
[109.167434] (-) TimerEvent: {}
[109.513501] (-) TimerEvent: {}
[110.005635] (-) TimerEvent: {}
[110.300510] (-) TimerEvent: {}
[110.777835] (-) TimerEvent: {}
[111.069862] (-) TimerEvent: {}
[111.496221] (-) TimerEvent: {}
[112.088740] (-) TimerEvent: {}
[112.397488] (-) TimerEvent: {}
[112.974070] (-) TimerEvent: {}
[113.156552] (-) TimerEvent: {}
[113.374376] (-) TimerEvent: {}
[113.798296] (-) TimerEvent: {}
[114.046549] (-) TimerEvent: {}
[114.255270] (-) TimerEvent: {}
[114.526777] (-) TimerEvent: {}
[114.801207] (-) TimerEvent: {}
[115.405218] (-) TimerEvent: {}
[115.967800] (-) TimerEvent: {}
[116.644093] (-) TimerEvent: {}
[117.440820] (-) TimerEvent: {}
[118.148931] (-) TimerEvent: {}
[118.860237] (-) TimerEvent: {}
[119.675932] (-) TimerEvent: {}
[119.844373] (-) TimerEvent: {}
[120.189084] (-) TimerEvent: {}
[120.410643] (-) TimerEvent: {}
[120.700324] (-) TimerEvent: {}
[120.931331] (-) TimerEvent: {}
[121.473928] (-) TimerEvent: {}
[122.236811] (-) TimerEvent: {}
[122.832756] (-) TimerEvent: {}
[123.015368] (-) TimerEvent: {}
[123.179177] (-) TimerEvent: {}
[123.467237] (-) TimerEvent: {}
[123.673542] (-) TimerEvent: {}
[123.832440] (-) TimerEvent: {}
[123.995263] (-) TimerEvent: {}
[124.181644] (-) TimerEvent: {}
[124.384444] (-) TimerEvent: {}
[124.577159] (-) TimerEvent: {}
[124.849196] (-) TimerEvent: {}
[125.025815] (-) TimerEvent: {}
[125.201189] (-) TimerEvent: {}
[125.396222] (-) TimerEvent: {}
[125.596040] (-) TimerEvent: {}
[125.814533] (-) TimerEvent: {}
[126.031801] (-) TimerEvent: {}
[126.213504] (-) TimerEvent: {}
[127.080614] (-) TimerEvent: {}
[127.637076] (-) TimerEvent: {}
[127.936884] (-) TimerEvent: {}
[128.135844] (-) TimerEvent: {}
[128.349668] (-) TimerEvent: {}
[128.693803] (-) TimerEvent: {}
[128.903817] (-) TimerEvent: {}
[129.099857] (-) TimerEvent: {}
[129.321165] (-) TimerEvent: {}
[129.528525] (-) TimerEvent: {}
[129.707705] (-) TimerEvent: {}
[129.925449] (-) TimerEvent: {}
[130.095432] (-) TimerEvent: {}
[130.265313] (-) TimerEvent: {}
[130.437845] (-) TimerEvent: {}
[130.612622] (-) TimerEvent: {}
[130.779307] (-) TimerEvent: {}
[130.954845] (-) TimerEvent: {}
[131.135410] (-) TimerEvent: {}
[131.311136] (-) TimerEvent: {}
[131.495123] (-) TimerEvent: {}
[131.690867] (-) TimerEvent: {}
[131.873699] (-) TimerEvent: {}
[132.048944] (-) TimerEvent: {}
[132.252724] (-) TimerEvent: {}
[132.409236] (-) TimerEvent: {}
[132.586734] (-) TimerEvent: {}
[132.765387] (-) TimerEvent: {}
[132.926077] (-) TimerEvent: {}
[133.089640] (-) TimerEvent: {}
[133.265497] (-) TimerEvent: {}
[133.442998] (-) TimerEvent: {}
[133.616571] (-) TimerEvent: {}
[133.789922] (-) TimerEvent: {}
[133.974234] (-) TimerEvent: {}
[134.143211] (-) TimerEvent: {}
[134.327677] (-) TimerEvent: {}
[134.482326] (-) TimerEvent: {}
[134.645781] (-) TimerEvent: {}
[134.840933] (-) TimerEvent: {}
[134.989977] (-) TimerEvent: {}
[135.125307] (-) TimerEvent: {}
[135.299291] (-) TimerEvent: {}
[135.469241] (-) TimerEvent: {}
[135.602399] (-) TimerEvent: {}
[135.731779] (-) TimerEvent: {}
[135.892807] (-) TimerEvent: {}
[136.057965] (-) TimerEvent: {}
[136.228427] (-) TimerEvent: {}
[136.423553] (-) TimerEvent: {}
[136.632656] (-) TimerEvent: {}
[136.817637] (-) TimerEvent: {}
[136.973801] (-) TimerEvent: {}
[137.152901] (-) TimerEvent: {}
[137.317993] (-) TimerEvent: {}
[137.475357] (-) TimerEvent: {}
[137.617525] (-) TimerEvent: {}
[137.779624] (-) TimerEvent: {}
[138.085641] (-) TimerEvent: {}
[138.242883] (-) TimerEvent: {}
[138.414415] (-) TimerEvent: {}
[138.580428] (-) TimerEvent: {}
[138.717916] (-) TimerEvent: {}
[138.869124] (-) TimerEvent: {}
[139.041764] (-) TimerEvent: {}
[139.199089] (-) TimerEvent: {}
[139.382827] (-) TimerEvent: {}
[139.539828] (-) TimerEvent: {}
[139.703336] (-) TimerEvent: {}
[139.891430] (-) TimerEvent: {}
[140.048084] (-) TimerEvent: {}
[140.211779] (-) TimerEvent: {}
[140.356618] (-) TimerEvent: {}
[140.517215] (-) TimerEvent: {}
[140.690945] (-) TimerEvent: {}
[140.848671] (-) TimerEvent: {}
[141.020222] (-) TimerEvent: {}
[141.188808] (-) TimerEvent: {}
[141.352273] (-) TimerEvent: {}
[141.520996] (-) TimerEvent: {}
[141.709271] (-) TimerEvent: {}
[141.893142] (-) TimerEvent: {}
[142.114696] (-) TimerEvent: {}
[142.270027] (-) TimerEvent: {}
[142.448191] (-) TimerEvent: {}
[142.718470] (-) TimerEvent: {}
[142.938487] (-) TimerEvent: {}
[143.109299] (-) TimerEvent: {}
[143.289481] (-) TimerEvent: {}
[143.453807] (-) TimerEvent: {}
[143.602599] (-) TimerEvent: {}
[143.719169] (-) TimerEvent: {}
[143.857509] (-) TimerEvent: {}
[144.043675] (-) TimerEvent: {}
[144.196262] (-) TimerEvent: {}
[144.360245] (-) TimerEvent: {}
[144.520432] (-) TimerEvent: {}
[144.694161] (-) TimerEvent: {}
[144.865454] (-) TimerEvent: {}
[145.072660] (-) TimerEvent: {}
[145.303281] (-) TimerEvent: {}
[145.475778] (-) TimerEvent: {}
[145.655870] (-) TimerEvent: {}
[145.824170] (-) TimerEvent: {}
[146.052567] (-) TimerEvent: {}
[146.435117] (-) TimerEvent: {}
[146.650664] (-) TimerEvent: {}
[146.869791] (-) TimerEvent: {}
[147.114701] (-) TimerEvent: {}
[147.300659] (-) TimerEvent: {}
[147.560603] (-) TimerEvent: {}
[148.040683] (-) TimerEvent: {}
[148.407412] (-) TimerEvent: {}
[148.868022] (-) TimerEvent: {}
[149.612587] (-) TimerEvent: {}
[150.111598] (-) TimerEvent: {}
[150.302213] (-) TimerEvent: {}
[150.759288] (-) TimerEvent: {}
[151.157144] (-) TimerEvent: {}
[151.618655] (-) TimerEvent: {}
[152.060671] (-) TimerEvent: {}
[152.270406] (-) TimerEvent: {}
[152.484575] (-) TimerEvent: {}
[153.188855] (-) TimerEvent: {}
[153.388920] (-) TimerEvent: {}
[153.656375] (-) TimerEvent: {}
[153.926370] (-) TimerEvent: {}
[154.181347] (-) TimerEvent: {}
[154.914810] (-) TimerEvent: {}
[155.980944] (-) TimerEvent: {}
[157.018976] (-) TimerEvent: {}
[158.023685] (-) TimerEvent: {}
[158.569656] (-) TimerEvent: {}
[158.776414] (-) TimerEvent: {}
[159.063979] (-) TimerEvent: {}
[159.273961] (-) TimerEvent: {}
[159.767594] (-) TimerEvent: {}
[160.170167] (-) TimerEvent: {}
[160.771464] (-) TimerEvent: {}
[161.171473] (-) TimerEvent: {}
[161.673706] (-) TimerEvent: {}
[162.103188] (-) TimerEvent: {}
[162.369391] (-) TimerEvent: {}
[163.691023] (-) TimerEvent: {}
[164.995977] (-) TimerEvent: {}
[165.490640] (-) TimerEvent: {}
[165.656897] (-) TimerEvent: {}
[165.832519] (-) TimerEvent: {}
[166.003813] (-) TimerEvent: {}
[166.152434] (-) TimerEvent: {}
[166.323685] (-) TimerEvent: {}
[166.493392] (-) TimerEvent: {}
[166.649987] (-) TimerEvent: {}
[166.855791] (-) TimerEvent: {}
[167.087048] (-) TimerEvent: {}
[167.273755] (-) TimerEvent: {}
[167.448497] (-) TimerEvent: {}
[167.607837] (-) TimerEvent: {}
[167.818540] (-) TimerEvent: {}
[168.038505] (-) TimerEvent: {}
[168.290674] (-) TimerEvent: {}
[168.455903] (-) TimerEvent: {}
[168.618625] (-) TimerEvent: {}
[168.771429] (-) TimerEvent: {}
[168.953666] (-) TimerEvent: {}
[169.124078] (-) TimerEvent: {}
[169.292923] (-) TimerEvent: {}
[169.464458] (-) TimerEvent: {}
[169.627987] (-) TimerEvent: {}
[169.779993] (-) TimerEvent: {}
[169.979336] (-) TimerEvent: {}
[170.151943] (-) TimerEvent: {}
[170.358052] (-) TimerEvent: {}
[170.555123] (-) TimerEvent: {}
[170.729591] (-) TimerEvent: {}
[171.041482] (-) TimerEvent: {}
[171.223523] (-) TimerEvent: {}
[171.388002] (-) TimerEvent: {}
[171.555218] (-) TimerEvent: {}
[171.774136] (-) TimerEvent: {}
[171.944438] (-) TimerEvent: {}
[172.114103] (-) TimerEvent: {}
[172.274177] (-) TimerEvent: {}
[172.473068] (-) TimerEvent: {}
[172.637684] (-) TimerEvent: {}
[172.829563] (-) TimerEvent: {}
[172.988877] (-) TimerEvent: {}
[173.173716] (-) TimerEvent: {}
[173.361792] (-) TimerEvent: {}
[173.528961] (-) TimerEvent: {}
[173.688075] (-) TimerEvent: {}
[173.898936] (-) TimerEvent: {}
[174.063090] (-) TimerEvent: {}
[174.257403] (-) TimerEvent: {}
[174.426391] (-) TimerEvent: {}
[174.651500] (-) TimerEvent: {}
[174.855825] (-) TimerEvent: {}
[175.007974] (-) TimerEvent: {}
[175.131932] (-) TimerEvent: {}
[175.302405] (-) TimerEvent: {}
[175.415929] (-) TimerEvent: {}
[175.594974] (-) TimerEvent: {}
[175.797339] (-) TimerEvent: {}
[175.972848] (-) TimerEvent: {}
[176.078195] (-) TimerEvent: {}
[176.178623] (-) TimerEvent: {}
[176.283713] (-) TimerEvent: {}
[176.439199] (-) TimerEvent: {}
[176.616143] (-) TimerEvent: {}
[176.818584] (-) TimerEvent: {}
[177.035417] (-) TimerEvent: {}
[177.196079] (-) TimerEvent: {}
[177.386890] (-) TimerEvent: {}
[177.608593] (-) TimerEvent: {}
[177.783041] (-) TimerEvent: {}
[177.988050] (-) TimerEvent: {}
[178.139333] (-) TimerEvent: {}
[178.312188] (-) TimerEvent: {}
[178.471010] (-) TimerEvent: {}
[178.653257] (-) TimerEvent: {}
[178.848791] (-) TimerEvent: {}
[179.012556] (-) TimerEvent: {}
[179.167565] (-) TimerEvent: {}
[179.347088] (-) TimerEvent: {}
[179.524692] (-) TimerEvent: {}
[179.724467] (-) TimerEvent: {}
[179.905005] (-) TimerEvent: {}
[180.076671] (-) TimerEvent: {}
[180.245328] (-) TimerEvent: {}
[180.405117] (-) TimerEvent: {}
[180.557512] (-) TimerEvent: {}
[180.744832] (-) TimerEvent: {}
[180.936249] (-) TimerEvent: {}
[181.128743] (-) TimerEvent: {}
[181.291059] (-) TimerEvent: {}
[181.462078] (-) TimerEvent: {}
[181.625535] (-) TimerEvent: {}
[181.804324] (-) TimerEvent: {}
[181.978021] (-) TimerEvent: {}
[182.113287] (-) TimerEvent: {}
[182.226838] (-) TimerEvent: {}
[182.382887] (-) TimerEvent: {}
[182.545841] (-) TimerEvent: {}
[182.722295] (-) TimerEvent: {}
[182.872175] (-) TimerEvent: {}
[183.031104] (-) TimerEvent: {}
[183.182410] (-) TimerEvent: {}
[183.324406] (-) TimerEvent: {}
[183.473958] (-) TimerEvent: {}
[183.619229] (-) TimerEvent: {}
[183.731209] (-) TimerEvent: {}
[183.890322] (-) TimerEvent: {}
[184.047423] (-) TimerEvent: {}
[184.226347] (-) TimerEvent: {}
[184.371587] (-) TimerEvent: {}
[184.544818] (-) TimerEvent: {}
[184.715126] (-) TimerEvent: {}
[184.877120] (-) TimerEvent: {}
[185.006052] (-) TimerEvent: {}
[185.201689] (-) TimerEvent: {}
[185.351714] (-) TimerEvent: {}
[185.553384] (-) TimerEvent: {}
[185.728066] (-) TimerEvent: {}
[185.889858] (-) TimerEvent: {}
[186.056511] (-) TimerEvent: {}
[186.217627] (-) TimerEvent: {}
[186.351473] (-) TimerEvent: {}
[186.481269] (-) TimerEvent: {}
[186.637933] (-) TimerEvent: {}
[186.808013] (-) TimerEvent: {}
[186.960174] (-) TimerEvent: {}
[187.220789] (-) TimerEvent: {}
[187.392778] (-) TimerEvent: {}
[187.612340] (-) TimerEvent: {}
[187.850083] (-) TimerEvent: {}
[188.036384] (-) TimerEvent: {}
[188.201764] (-) TimerEvent: {}
[188.370988] (-) TimerEvent: {}
[188.530368] (-) TimerEvent: {}
[188.698511] (-) TimerEvent: {}
[188.875502] (-) TimerEvent: {}
[189.057639] (-) TimerEvent: {}
[189.225313] (-) TimerEvent: {}
[189.421949] (-) TimerEvent: {}
[189.550932] (-) TimerEvent: {}
[189.675218] (-) TimerEvent: {}
[189.848173] (-) TimerEvent: {}
[190.016845] (-) TimerEvent: {}
[190.148295] (-) TimerEvent: {}
[190.256945] (-) TimerEvent: {}
[190.420983] (-) TimerEvent: {}
[190.563167] (-) TimerEvent: {}
[190.723077] (-) TimerEvent: {}
[190.844066] (-) TimerEvent: {}
[191.013645] (-) TimerEvent: {}
[191.178104] (-) TimerEvent: {}
[191.349901] (-) TimerEvent: {}
[191.513860] (-) TimerEvent: {}
[191.647467] (-) TimerEvent: {}
[191.773052] (-) TimerEvent: {}
[191.933264] (-) TimerEvent: {}
[192.113344] (-) TimerEvent: {}
[192.284004] (-) TimerEvent: {}
[192.445062] (-) TimerEvent: {}
[192.566927] (-) TimerEvent: {}
[192.685423] (-) TimerEvent: {}
[192.815260] (-) TimerEvent: {}
[192.981365] (-) TimerEvent: {}
[193.138582] (-) TimerEvent: {}
[193.279151] (-) TimerEvent: {}
[193.421682] (-) TimerEvent: {}
[193.548074] (-) TimerEvent: {}
[193.665636] (-) TimerEvent: {}
[193.841251] (-) TimerEvent: {}
[194.036376] (-) TimerEvent: {}
[194.213402] (-) TimerEvent: {}
[194.390443] (-) TimerEvent: {}
[194.550443] (-) TimerEvent: {}
[194.689839] (-) TimerEvent: {}
[194.863729] (-) TimerEvent: {}
[195.019766] (-) TimerEvent: {}
[195.186237] (-) TimerEvent: {}
[195.363108] (-) TimerEvent: {}
[195.528634] (-) TimerEvent: {}
[195.751599] (-) TimerEvent: {}
[195.929302] (-) TimerEvent: {}
[196.341098] (-) TimerEvent: {}
[196.510606] (-) TimerEvent: {}
[196.664631] (-) TimerEvent: {}
[196.847199] (-) TimerEvent: {}
[197.052263] (-) TimerEvent: {}
[197.277434] (-) TimerEvent: {}
[198.194980] (-) TimerEvent: {}
[198.441221] (-) TimerEvent: {}
[198.811442] (-) TimerEvent: {}
[198.983642] (-) TimerEvent: {}
[199.287500] (-) TimerEvent: {}
[199.499964] (-) TimerEvent: {}
[199.675267] (-) TimerEvent: {}
[199.849346] (-) TimerEvent: {}
[200.015308] (-) TimerEvent: {}
[200.253391] (-) TimerEvent: {}
[200.439168] (-) TimerEvent: {}
[201.296779] (-) TimerEvent: {}
[201.469247] (-) TimerEvent: {}
[201.690347] (-) TimerEvent: {}
[201.852233] (-) TimerEvent: {}
[202.060958] (-) TimerEvent: {}
[202.225462] (-) TimerEvent: {}
[202.391200] (-) TimerEvent: {}
[202.579150] (-) TimerEvent: {}
[202.760889] (-) TimerEvent: {}
[202.990736] (-) TimerEvent: {}
[203.166170] (-) TimerEvent: {}
[203.359886] (-) TimerEvent: {}
[203.533210] (-) TimerEvent: {}
[203.711667] (-) TimerEvent: {}
[204.141694] (-) TimerEvent: {}
[204.320667] (-) TimerEvent: {}
[204.539428] (-) TimerEvent: {}
[204.780035] (-) TimerEvent: {}
[204.982391] (-) TimerEvent: {}
[205.197310] (-) TimerEvent: {}
[205.776483] (-) TimerEvent: {}
[206.296575] (-) TimerEvent: {}
[206.684259] (-) TimerEvent: {}
[207.423022] (-) TimerEvent: {}
[208.161490] (-) TimerEvent: {}
[208.712996] (-) TimerEvent: {}
[209.492799] (-) TimerEvent: {}
[210.162821] (-) TimerEvent: {}
[210.742607] (-) TimerEvent: {}
[211.531496] (-) TimerEvent: {}
[214.159013] (-) TimerEvent: {}
[214.536132] (-) TimerEvent: {}
[215.040247] (-) TimerEvent: {}
[215.402116] (-) TimerEvent: {}
[215.591138] (-) TimerEvent: {}
[216.019520] (-) TimerEvent: {}
[216.476866] (-) TimerEvent: {}
[216.657302] (-) TimerEvent: {}
[217.301795] (-) TimerEvent: {}
[218.372382] (-) TimerEvent: {}
[218.928961] (-) TimerEvent: {}
[219.142295] (-) TimerEvent: {}
[219.669077] (-) TimerEvent: {}
[219.891813] (-) TimerEvent: {}
[220.484886] (-) TimerEvent: {}
[220.746040] (-) TimerEvent: {}
[220.940962] (-) TimerEvent: {}
[221.170078] (-) TimerEvent: {}
[221.564918] (-) TimerEvent: {}
[221.815221] (-) TimerEvent: {}
[222.019379] (-) TimerEvent: {}
[222.589631] (-) TimerEvent: {}
[222.891106] (-) TimerEvent: {}
[223.090446] (-) TimerEvent: {}
[223.280052] (-) TimerEvent: {}
[223.517540] (-) TimerEvent: {}
[223.753193] (-) TimerEvent: {}
[224.117073] (-) TimerEvent: {}
[224.378123] (-) TimerEvent: {}
[224.738617] (-) TimerEvent: {}
[226.128533] (-) TimerEvent: {}
[227.318238] (-) TimerEvent: {}
[227.812774] (-) TimerEvent: {}
[228.045075] (-) TimerEvent: {}
[228.234927] (-) TimerEvent: {}
[228.537150] (-) TimerEvent: {}
[228.726604] (-) TimerEvent: {}
[228.945926] (-) TimerEvent: {}
[229.207926] (-) TimerEvent: {}
[229.555374] (-) TimerEvent: {}
[229.741560] (-) TimerEvent: {}
[229.932598] (-) TimerEvent: {}
[230.120608] (-) TimerEvent: {}
[230.298039] (-) TimerEvent: {}
[230.465714] (-) TimerEvent: {}
[230.649385] (-) TimerEvent: {}
[230.839139] (-) TimerEvent: {}
[231.081116] (-) TimerEvent: {}
[231.475011] (-) TimerEvent: {}
[232.285608] (-) TimerEvent: {}
[234.241975] (-) TimerEvent: {}
[236.024098] (-) TimerEvent: {}
[237.201509] (-) TimerEvent: {}
[238.546331] (-) TimerEvent: {}
[239.233333] (-) TimerEvent: {}
[239.749213] (-) TimerEvent: {}
[240.171607] (-) TimerEvent: {}
[240.944346] (-) TimerEvent: {}
[241.628738] (-) TimerEvent: {}
[242.246128] (-) TimerEvent: {}
[243.151649] (-) TimerEvent: {}
[243.648066] (-) TimerEvent: {}
[244.211598] (-) TimerEvent: {}
[244.659437] (-) TimerEvent: {}
[246.029505] (-) TimerEvent: {}
[246.829409] (-) TimerEvent: {}
[247.990294] (-) TimerEvent: {}
[248.715257] (-) TimerEvent: {}
[249.239665] (-) TimerEvent: {}
[251.149895] (-) TimerEvent: {}
[254.050220] (-) TimerEvent: {}
[255.436021] (-) TimerEvent: {}
[256.942193] (-) TimerEvent: {}
[258.023679] (-) TimerEvent: {}
[260.159368] (-) TimerEvent: {}
[261.292203] (-) TimerEvent: {}
[264.637899] (-) TimerEvent: {}
[266.150374] (-) TimerEvent: {}
[268.281920] (-) TimerEvent: {}
[272.316699] (-) TimerEvent: {}
[273.885857] (-) TimerEvent: {}
[276.746512] (-) TimerEvent: {}
[279.015074] (-) TimerEvent: {}
[280.881625] (-) TimerEvent: {}
[284.412194] (-) TimerEvent: {}
[288.800785] (-) TimerEvent: {}
[293.186462] (-) TimerEvent: {}
[296.627937] (-) TimerEvent: {}
[299.681486] (-) TimerEvent: {}
[304.263720] (-) TimerEvent: {}
[311.601400] (-) TimerEvent: {}
[318.055605] (-) TimerEvent: {}
[320.417439] (-) TimerEvent: {}
[322.386328] (-) TimerEvent: {}
[322.980109] (-) TimerEvent: {}
[323.887968] (-) TimerEvent: {}
[325.350554] (-) TimerEvent: {}
[327.081942] (-) TimerEvent: {}
[329.077505] (-) TimerEvent: {}
[331.518431] (-) TimerEvent: {}
[334.173252] (-) TimerEvent: {}
[336.375944] (-) TimerEvent: {}
[338.006941] (-) TimerEvent: {}
[339.290734] (-) TimerEvent: {}
[342.111398] (-) TimerEvent: {}
[343.146628] (-) TimerEvent: {}
[344.492282] (-) TimerEvent: {}
[345.710114] (-) TimerEvent: {}
[347.543272] (-) TimerEvent: {}
[348.296103] (-) TimerEvent: {}
[349.442576] (-) TimerEvent: {}
[350.638868] (-) TimerEvent: {}
[351.263697] (-) TimerEvent: {}
[351.934215] (-) TimerEvent: {}
[353.370607] (-) TimerEvent: {}
[353.775095] (-) TimerEvent: {}
[354.327603] (-) TimerEvent: {}
[355.404354] (-) TimerEvent: {}
[356.308062] (-) TimerEvent: {}
[357.844563] (-) TimerEvent: {}
[359.692296] (-) TimerEvent: {}
[360.933851] (-) TimerEvent: {}
[361.431771] (-) TimerEvent: {}
[362.366474] (-) TimerEvent: {}
[363.546031] (-) TimerEvent: {}
[364.785738] (-) TimerEvent: {}
[365.919983] (-) TimerEvent: {}
[366.160172] (-) TimerEvent: {}
[366.777766] (-) TimerEvent: {}
[367.542577] (-) TimerEvent: {}
[368.361864] (-) TimerEvent: {}
[369.027053] (-) TimerEvent: {}
[369.632109] (-) TimerEvent: {}
[370.479374] (-) TimerEvent: {}
[371.817811] (-) TimerEvent: {}
[372.392955] (-) TimerEvent: {}
[373.013403] (-) TimerEvent: {}
[373.179633] (-) TimerEvent: {}
[373.710595] (-) TimerEvent: {}
[373.865229] (-) TimerEvent: {}
[374.068422] (-) TimerEvent: {}
[374.655705] (-) TimerEvent: {}
[375.412817] (-) TimerEvent: {}
[376.636078] (-) TimerEvent: {}
[377.514310] (-) TimerEvent: {}
[378.565303] (-) TimerEvent: {}
[378.886477] (-) TimerEvent: {}
[379.161613] (-) TimerEvent: {}
[379.347855] (-) TimerEvent: {}
[379.546155] (-) TimerEvent: {}
[380.018485] (-) TimerEvent: {}
[380.479506] (-) TimerEvent: {}
[380.837139] (-) TimerEvent: {}
[381.074675] (-) TimerEvent: {}
[381.502730] (-) TimerEvent: {}
[381.684496] (-) TimerEvent: {}
[381.918294] (-) TimerEvent: {}
[382.399800] (-) TimerEvent: {}
[382.735571] (-) TimerEvent: {}
[383.004500] (-) TimerEvent: {}
[383.526731] (-) TimerEvent: {}
[383.814273] (-) TimerEvent: {}
[384.094032] (-) TimerEvent: {}
[384.390959] (-) TimerEvent: {}
[384.821318] (-) TimerEvent: {}
[385.058582] (-) TimerEvent: {}
[385.249234] (-) TimerEvent: {}
[385.510627] (-) TimerEvent: {}
[385.750795] (-) TimerEvent: {}
[385.947183] (-) TimerEvent: {}
[386.134978] (-) TimerEvent: {}
[386.318648] (-) TimerEvent: {}
[386.588326] (-) TimerEvent: {}
[386.767060] (-) TimerEvent: {}
[386.964056] (-) TimerEvent: {}
[387.199694] (-) TimerEvent: {}
[387.440349] (-) TimerEvent: {}
[387.720675] (-) TimerEvent: {}
[387.950408] (-) TimerEvent: {}
[388.389341] (-) TimerEvent: {}
[388.564007] (-) TimerEvent: {}
[388.738330] (-) TimerEvent: {}
[388.894513] (-) TimerEvent: {}
[389.062376] (-) TimerEvent: {}
[389.299519] (-) TimerEvent: {}
[389.466514] (-) TimerEvent: {}
[389.602068] (-) TimerEvent: {}
[389.732740] (-) TimerEvent: {}
[389.930508] (-) TimerEvent: {}
[390.085527] (-) TimerEvent: {}
[390.265161] (-) TimerEvent: {}
[390.437654] (-) TimerEvent: {}
[390.664377] (-) TimerEvent: {}
[390.828832] (-) TimerEvent: {}
[390.975591] (-) TimerEvent: {}
[391.131486] (-) TimerEvent: {}
[391.285975] (-) TimerEvent: {}
[391.436347] (-) TimerEvent: {}
[391.608890] (-) TimerEvent: {}
[391.775689] (-) TimerEvent: {}
[391.938871] (-) TimerEvent: {}
[392.100351] (-) TimerEvent: {}
[392.301796] (-) TimerEvent: {}
[392.472848] (-) TimerEvent: {}
[392.634662] (-) TimerEvent: {}
[392.803603] (-) TimerEvent: {}
[392.964872] (-) TimerEvent: {}
[393.123339] (-) TimerEvent: {}
[393.299994] (-) TimerEvent: {}
[393.480582] (-) TimerEvent: {}
[393.656973] (-) TimerEvent: {}
[393.839553] (-) TimerEvent: {}
[394.009054] (-) TimerEvent: {}
[394.169848] (-) TimerEvent: {}
[394.313145] (-) TimerEvent: {}
[394.466980] (-) TimerEvent: {}
[394.625651] (-) TimerEvent: {}
[394.767087] (-) TimerEvent: {}
[394.897768] (-) TimerEvent: {}
[395.053391] (-) TimerEvent: {}
[395.207356] (-) TimerEvent: {}
[395.361941] (-) TimerEvent: {}
[395.514775] (-) TimerEvent: {}
[395.676057] (-) TimerEvent: {}
[395.826747] (-) TimerEvent: {}
[395.982092] (-) TimerEvent: {}
[396.202850] (-) TimerEvent: {}
[396.347000] (-) TimerEvent: {}
[396.485706] (-) TimerEvent: {}
[396.646876] (-) TimerEvent: {}
[396.820428] (-) TimerEvent: {}
[397.023799] (-) TimerEvent: {}
[397.198772] (-) TimerEvent: {}
[397.365561] (-) TimerEvent: {}
[397.510105] (-) TimerEvent: {}
[397.641239] (-) TimerEvent: {}
[397.820067] (-) TimerEvent: {}
[398.003663] (-) TimerEvent: {}
[398.235739] (-) TimerEvent: {}
[398.388526] (-) TimerEvent: {}
[398.552501] (-) TimerEvent: {}
[398.730692] (-) TimerEvent: {}
[398.906496] (-) TimerEvent: {}
[399.074203] (-) TimerEvent: {}
[399.272761] (-) TimerEvent: {}
[399.456419] (-) TimerEvent: {}
[399.621131] (-) TimerEvent: {}
[399.814509] (-) TimerEvent: {}
[400.060447] (-) TimerEvent: {}
[400.238451] (-) TimerEvent: {}
[400.445548] (-) TimerEvent: {}
[400.636259] (-) TimerEvent: {}
[400.860390] (-) TimerEvent: {}
[401.039030] (-) TimerEvent: {}
[401.248444] (-) TimerEvent: {}
[401.411715] (-) TimerEvent: {}
[401.641683] (-) TimerEvent: {}
[401.823953] (-) TimerEvent: {}
[402.037352] (-) TimerEvent: {}
[402.245102] (-) TimerEvent: {}
[402.391730] (-) TimerEvent: {}
[402.548646] (-) TimerEvent: {}
[402.715148] (-) TimerEvent: {}
[402.950833] (-) TimerEvent: {}
[403.280423] (-) TimerEvent: {}
[403.422902] (-) TimerEvent: {}
[403.601327] (-) TimerEvent: {}
[403.817172] (-) TimerEvent: {}
[404.005229] (-) TimerEvent: {}
[404.199840] (-) TimerEvent: {}
[404.400718] (-) TimerEvent: {}
[404.574301] (-) TimerEvent: {}
[404.794169] (-) TimerEvent: {}
[405.069637] (-) TimerEvent: {}
[405.322924] (-) TimerEvent: {}
[405.477168] (-) TimerEvent: {}
[405.693468] (-) TimerEvent: {}
[405.868369] (-) TimerEvent: {}
[406.132373] (-) TimerEvent: {}
[406.412835] (-) TimerEvent: {}
[406.663220] (-) TimerEvent: {}
[406.896225] (-) TimerEvent: {}
[407.213440] (-) TimerEvent: {}
[407.476415] (-) TimerEvent: {}
[407.654987] (-) TimerEvent: {}
[407.994317] (-) TimerEvent: {}
[408.300484] (-) TimerEvent: {}
[408.519516] (-) TimerEvent: {}
[408.747819] (-) TimerEvent: {}
[408.917117] (-) TimerEvent: {}
[409.150361] (-) TimerEvent: {}
[409.340103] (-) TimerEvent: {}
[409.603702] (-) TimerEvent: {}
[409.827742] (-) TimerEvent: {}
[410.031060] (-) TimerEvent: {}
[410.304853] (-) TimerEvent: {}
[410.521705] (-) TimerEvent: {}
[410.685915] (-) TimerEvent: {}
[410.887932] (-) TimerEvent: {}
[411.084346] (-) TimerEvent: {}
[411.331650] (-) TimerEvent: {}
[411.561893] (-) TimerEvent: {}
[411.873747] (-) TimerEvent: {}
[412.111268] (-) TimerEvent: {}
[412.524994] (-) TimerEvent: {}
[412.887670] (-) TimerEvent: {}
[413.244998] (-) TimerEvent: {}
[413.578172] (-) TimerEvent: {}
[413.875026] (-) TimerEvent: {}
[414.187381] (-) TimerEvent: {}
[414.381178] (-) TimerEvent: {}
[414.601257] (-) TimerEvent: {}
[414.863357] (-) TimerEvent: {}
[415.368955] (-) TimerEvent: {}
[417.079202] (-) TimerEvent: {}
[418.749186] (-) TimerEvent: {}
[420.976966] (-) TimerEvent: {}
[422.083034] (-) TimerEvent: {}
[423.125228] (-) TimerEvent: {}
[424.333065] (-) TimerEvent: {}
[425.467650] (-) TimerEvent: {}
[426.156237] (-) TimerEvent: {}
[427.516343] (-) TimerEvent: {}
[428.498432] (-) TimerEvent: {}
[429.461245] (-) TimerEvent: {}
[431.904696] (-) TimerEvent: {}
[434.800253] (-) TimerEvent: {}
[438.021054] (-) TimerEvent: {}
[440.949545] (-) TimerEvent: {}
[443.551546] (-) TimerEvent: {}
[445.409746] (-) TimerEvent: {}
[446.748981] (-) TimerEvent: {}
[448.237885] (-) TimerEvent: {}
[449.053728] (-) TimerEvent: {}
[449.943272] (-) TimerEvent: {}
[450.830103] (-) TimerEvent: {}
[452.923213] (-) TimerEvent: {}
[454.523060] (-) TimerEvent: {}
[457.007280] (-) TimerEvent: {}
[459.582404] (-) TimerEvent: {}
[461.949768] (-) TimerEvent: {}
[464.670013] (-) TimerEvent: {}
[467.097416] (-) TimerEvent: {}
[469.702643] (-) TimerEvent: {}
[472.977494] (-) TimerEvent: {}
[476.303289] (-) TimerEvent: {}
[478.192132] (-) TimerEvent: {}
[479.061385] (-) TimerEvent: {}
[480.864280] (-) TimerEvent: {}
[482.345189] (-) TimerEvent: {}
[484.135861] (-) TimerEvent: {}
[485.938360] (-) TimerEvent: {}
[488.461076] (-) TimerEvent: {}
[490.239536] (-) TimerEvent: {}
[493.641446] (-) TimerEvent: {}
[494.789198] (-) TimerEvent: {}
[495.937777] (-) TimerEvent: {}
[496.545212] (-) TimerEvent: {}
[497.401029] (-) TimerEvent: {}
[498.803571] (-) TimerEvent: {}
[500.803627] (-) TimerEvent: {}
[502.624280] (-) TimerEvent: {}
[504.946026] (-) TimerEvent: {}
[505.872347] (-) TimerEvent: {}
[506.781046] (-) TimerEvent: {}
[507.885051] (-) TimerEvent: {}
[508.553209] (-) TimerEvent: {}
[509.243703] (-) TimerEvent: {}
[510.315062] (-) TimerEvent: {}
[511.950876] (-) TimerEvent: {}
[513.037988] (-) TimerEvent: {}
[514.160318] (-) TimerEvent: {}
[518.322193] (-) TimerEvent: {}
[519.621263] (-) TimerEvent: {}
[520.289220] (-) TimerEvent: {}
[520.799074] (-) TimerEvent: {}
[521.352434] (-) TimerEvent: {}
[521.987009] (-) TimerEvent: {}
[522.513075] (-) TimerEvent: {}
[523.609582] (-) TimerEvent: {}
[524.511833] (-) TimerEvent: {}
[525.397219] (-) TimerEvent: {}
[526.524623] (-) TimerEvent: {}
[527.853964] (-) TimerEvent: {}
[528.837147] (-) TimerEvent: {}
[529.640141] (-) TimerEvent: {}
[530.564577] (-) TimerEvent: {}
[531.793418] (-) TimerEvent: {}
[533.235714] (-) TimerEvent: {}
[534.223242] (-) TimerEvent: {}
[536.723626] (-) TimerEvent: {}
[540.010035] (-) TimerEvent: {}
[541.985209] (-) TimerEvent: {}
[544.490286] (-) TimerEvent: {}
[546.550319] (-) TimerEvent: {}
[548.695541] (-) TimerEvent: {}
[552.275922] (-) TimerEvent: {}
[556.365809] (-) TimerEvent: {}
[559.433319] (-) TimerEvent: {}
[562.329829] (-) TimerEvent: {}
[565.595454] (-) TimerEvent: {}
[566.979482] (-) TimerEvent: {}
[569.670732] (-) TimerEvent: {}
[570.034580] (-) TimerEvent: {}
[571.068885] (-) TimerEvent: {}
[572.620618] (-) TimerEvent: {}
[574.087195] (-) TimerEvent: {}
[579.298494] (-) TimerEvent: {}
[584.419050] (-) TimerEvent: {}
[587.653945] (-) TimerEvent: {}
[590.381462] (-) TimerEvent: {}
[591.588569] (-) TimerEvent: {}
[592.041559] (-) TimerEvent: {}
[592.711753] (-) TimerEvent: {}
[593.334990] (-) TimerEvent: {}
[593.960533] (-) TimerEvent: {}
[594.721805] (-) TimerEvent: {}
[595.318939] (-) TimerEvent: {}
[596.159099] (-) TimerEvent: {}
[596.805092] (-) TimerEvent: {}
[597.394875] (-) TimerEvent: {}
[597.932998] (-) TimerEvent: {}
[598.631934] (-) TimerEvent: {}
[599.687170] (-) TimerEvent: {}
[602.218989] (-) TimerEvent: {}
[603.372126] (-) TimerEvent: {}
[604.668459] (-) TimerEvent: {}
[605.297686] (-) TimerEvent: {}
[606.070509] (-) TimerEvent: {}
[606.849710] (-) TimerEvent: {}
[607.738018] (-) TimerEvent: {}
[608.534133] (-) TimerEvent: {}
[609.920844] (-) TimerEvent: {}
[611.197985] (-) TimerEvent: {}
[612.003479] (-) TimerEvent: {}
[612.752020] (-) TimerEvent: {}
[613.591647] (-) TimerEvent: {}
[614.242196] (-) TimerEvent: {}
[614.859991] (-) TimerEvent: {}
[615.212733] (-) TimerEvent: {}
[615.946750] (-) TimerEvent: {}
[616.740443] (-) TimerEvent: {}
[617.602440] (-) TimerEvent: {}
[618.873298] (-) TimerEvent: {}
[620.120456] (-) TimerEvent: {}
[621.012141] (-) TimerEvent: {}
[621.608317] (-) TimerEvent: {}
[622.242612] (-) TimerEvent: {}
[622.776026] (-) TimerEvent: {}
[623.182485] (-) TimerEvent: {}
[623.790445] (-) TimerEvent: {}
[624.884166] (-) TimerEvent: {}
[625.720667] (-) TimerEvent: {}
[626.589587] (-) TimerEvent: {}
[627.142398] (-) TimerEvent: {}
[627.425770] (-) TimerEvent: {}
[627.626778] (-) TimerEvent: {}
[628.122201] (-) TimerEvent: {}
[628.591681] (-) TimerEvent: {}
[629.050876] (-) TimerEvent: {}
[629.619491] (-) TimerEvent: {}
[629.906817] (-) TimerEvent: {}
[630.168027] (-) TimerEvent: {}
[630.327855] (-) TimerEvent: {}
[630.509862] (-) TimerEvent: {}
[630.731998] (-) TimerEvent: {}
[630.880023] (-) TimerEvent: {}
[631.080083] (-) TimerEvent: {}
[631.597434] (-) TimerEvent: {}
[631.886148] (-) TimerEvent: {}
[632.358560] (-) TimerEvent: {}
[632.732974] (-) TimerEvent: {}
[632.985435] (-) TimerEvent: {}
[633.248356] (-) TimerEvent: {}
[633.482644] (-) TimerEvent: {}
[633.940291] (-) TimerEvent: {}
[634.150807] (-) TimerEvent: {}
[634.358223] (-) TimerEvent: {}
[634.749953] (-) TimerEvent: {}
[635.249784] (-) TimerEvent: {}
[635.740844] (-) TimerEvent: {}
[635.957991] (-) TimerEvent: {}
[636.267099] (-) TimerEvent: {}
[636.633098] (-) TimerEvent: {}
[636.881015] (-) TimerEvent: {}
[637.294783] (-) TimerEvent: {}
[637.450381] (-) TimerEvent: {}
[637.640571] (-) TimerEvent: {}
[637.831344] (-) TimerEvent: {}
[637.988334] (-) TimerEvent: {}
[638.164980] (-) TimerEvent: {}
[638.339898] (-) TimerEvent: {}
[638.485663] (-) TimerEvent: {}
[638.659698] (-) TimerEvent: {}
[638.850042] (-) TimerEvent: {}
[639.003829] (-) TimerEvent: {}
[639.165815] (-) TimerEvent: {}
[639.333357] (-) TimerEvent: {}
[639.470072] (-) TimerEvent: {}
[639.617973] (-) TimerEvent: {}
[639.837288] (-) TimerEvent: {}
[640.007526] (-) TimerEvent: {}
[640.188682] (-) TimerEvent: {}
[640.386875] (-) TimerEvent: {}
[640.547315] (-) TimerEvent: {}
[640.724380] (-) TimerEvent: {}
[640.904057] (-) TimerEvent: {}
[641.075715] (-) TimerEvent: {}
[641.230811] (-) TimerEvent: {}
[641.449287] (-) TimerEvent: {}
[641.657376] (-) TimerEvent: {}
[641.903011] (-) TimerEvent: {}
[642.111088] (-) TimerEvent: {}
[642.281013] (-) TimerEvent: {}
[642.486891] (-) TimerEvent: {}
[642.667663] (-) TimerEvent: {}
[642.897971] (-) TimerEvent: {}
[643.059256] (-) TimerEvent: {}
[643.324011] (-) TimerEvent: {}
[643.498576] (-) TimerEvent: {}
[643.670136] (-) TimerEvent: {}
[643.834935] (-) TimerEvent: {}
[643.983833] (-) TimerEvent: {}
[644.145290] (-) TimerEvent: {}
[644.294642] (-) TimerEvent: {}
[644.459303] (-) TimerEvent: {}
[644.648218] (-) TimerEvent: {}
[644.820803] (-) TimerEvent: {}
[644.976057] (-) TimerEvent: {}
[645.149536] (-) TimerEvent: {}
[645.291010] (-) TimerEvent: {}
[645.477587] (-) TimerEvent: {}
[645.640129] (-) TimerEvent: {}
[645.821420] (-) TimerEvent: {}
[645.997627] (-) TimerEvent: {}
[646.150060] (-) TimerEvent: {}
[646.324158] (-) TimerEvent: {}
[646.503346] (-) TimerEvent: {}
[646.647114] (-) TimerEvent: {}
[646.866198] (-) TimerEvent: {}
