[0.000000] (-) TimerEvent: {}
[0.000376] (-) JobUnselected: {'identifier': 'lbringup'}
[0.000432] (-) JobUnselected: {'identifier': 'robot_gui_pkg'}
[0.000521] (-) JobUnselected: {'identifier': 'robot_main_pkg'}
[0.000725] (-) JobUnselected: {'identifier': 'robot_waypoint_pkg'}
[0.000787] (purpuresuit_pkg) JobQueued: {'identifier': 'purpuresuit_pkg', 'dependencies': OrderedDict()}
[0.000835] (purpuresuit_pkg) JobStarted: {'identifier': 'purpuresuit_pkg'}
[0.010612] (purpuresuit_pkg) JobProgress: {'identifier': 'purpuresuit_pkg', 'progress': 'cmake'}
[0.011286] (purpuresuit_pkg) JobProgress: {'identifier': 'purpuresuit_pkg', 'progress': 'build'}
[0.012166] (purpuresuit_pkg) Command: {'cmd': ['/usr/bin/cmake', '--build', '/home/syafihidayat/Documents/robot_smoothing/build/purpuresuit_pkg', '--', '-j16', '-l16'], 'cwd': '/home/syafihidayat/Documents/robot_smoothing/build/purpuresuit_pkg', 'env': OrderedDict([('LINOROBOT2_BASE', '2wd'), ('LESSOPEN', '| /usr/bin/lesspipe %s'), ('USER', 'syafihidayat'), ('LC_TIME', 'id_ID.UTF-8'), ('XDG_SESSION_TYPE', 'x11'), ('SHLVL', '1'), ('LD_LIBRARY_PATH', '/home/syafihidayat/microros_ws/install/micro_ros_agent/lib:/home/syafihidayat/microros_ws/install/micro_ros_msgs/lib:/usr/lib/x86_64-linux-gnu/gazebo-11/plugins:/opt/ros/humble/opt/rviz_ogre_vendor/lib:/opt/ros/humble/lib/x86_64-linux-gnu:/opt/ros/humble/lib'), ('HOME', '/home/syafihidayat'), ('OLDPWD', '/home/syafihidayat'), ('DESKTOP_SESSION', 'ubuntu'), ('ROS_PYTHON_VERSION', '3'), ('GNOME_SHELL_SESSION_MODE', 'ubuntu'), ('GTK_MODULES', 'gail:atk-bridge'), ('LC_MONETARY', 'id_ID.UTF-8'), ('SYSTEMD_EXEC_PID', '2111'), ('DBUS_SESSION_BUS_ADDRESS', 'unix:path=/run/user/1000/bus'), ('COLORTERM', 'truecolor'), ('COLCON_PREFIX_PATH', '/home/syafihidayat/Documents/robot_smoothing/install:/home/syafihidayat/microros_ws/install'), ('ROS_DISTRO', 'humble'), ('GTK_IM_MODULE', 'ibus'), ('LOGNAME', 'syafihidayat'), ('_', '/usr/bin/colcon'), ('ROS_VERSION', '2'), ('XDG_SESSION_CLASS', 'user'), ('USERNAME', 'syafihidayat'), ('TERM', 'xterm-256color'), ('GAZEBO_MODEL_PATH', ':/opt/ros/humble/share/turtlebot3_gazebo/models:/home/syafihidayat/swerve_test/install/swerve_description/share'), ('GNOME_DESKTOP_SESSION_ID', 'this-is-deprecated'), ('ROS_LOCALHOST_ONLY', '0'), ('WINDOWPATH', '2'), ('PATH', '/home/syafihidayat/.local/bin:/opt/ros/humble/bin:/home/syafihidayat/.local/bin:/usr/local/sbin:/usr/local/bin:/usr/sbin:/usr/bin:/sbin:/bin:/usr/games:/usr/local/games:/snap/bin:/snap/bin:/home/syafihidayat/.lmstudio/bin:/home/syafihidayat/.lmstudio/bin'), ('SESSION_MANAGER', 'local/syafihidayat:@/tmp/.ICE-unix/2085,unix/syafihidayat:/tmp/.ICE-unix/2085'), ('XDG_MENU_PREFIX', 'gnome-'), ('LC_ADDRESS', 'id_ID.UTF-8'), ('GNOME_TERMINAL_SCREEN', '/org/gnome/Terminal/screen/e76c6daa_552b_49f5_b327_d7bbe833f6db'), ('XDG_RUNTIME_DIR', '/run/user/1000'), ('DISPLAY', ':1'), ('LANG', 'en_US.UTF-8'), ('XDG_CURRENT_DESKTOP', 'ubuntu:GNOME'), ('LC_TELEPHONE', 'id_ID.UTF-8'), ('XMODIFIERS', '@im=ibus'), ('XDG_SESSION_DESKTOP', 'ubuntu'), ('XAUTHORITY', '/run/user/1000/gdm/Xauthority'), ('LS_COLORS', 'rs=0:di=01;34:ln=01;36:mh=00:pi=40;33:so=01;35:do=01;35:bd=40;33;01:cd=40;33;01:or=40;31;01:mi=00:su=37;41:sg=30;43:ca=30;41:tw=30;42:ow=34;42:st=37;44:ex=01;32:*.tar=01;31:*.tgz=01;31:*.arc=01;31:*.arj=01;31:*.taz=01;31:*.lha=01;31:*.lz4=01;31:*.lzh=01;31:*.lzma=01;31:*.tlz=01;31:*.txz=01;31:*.tzo=01;31:*.t7z=01;31:*.zip=01;31:*.z=01;31:*.dz=01;31:*.gz=01;31:*.lrz=01;31:*.lz=01;31:*.lzo=01;31:*.xz=01;31:*.zst=01;31:*.tzst=01;31:*.bz2=01;31:*.bz=01;31:*.tbz=01;31:*.tbz2=01;31:*.tz=01;31:*.deb=01;31:*.rpm=01;31:*.jar=01;31:*.war=01;31:*.ear=01;31:*.sar=01;31:*.rar=01;31:*.alz=01;31:*.ace=01;31:*.zoo=01;31:*.cpio=01;31:*.7z=01;31:*.rz=01;31:*.cab=01;31:*.wim=01;31:*.swm=01;31:*.dwm=01;31:*.esd=01;31:*.jpg=01;35:*.jpeg=01;35:*.mjpg=01;35:*.mjpeg=01;35:*.gif=01;35:*.bmp=01;35:*.pbm=01;35:*.pgm=01;35:*.ppm=01;35:*.tga=01;35:*.xbm=01;35:*.xpm=01;35:*.tif=01;35:*.tiff=01;35:*.png=01;35:*.svg=01;35:*.svgz=01;35:*.mng=01;35:*.pcx=01;35:*.mov=01;35:*.mpg=01;35:*.mpeg=01;35:*.m2v=01;35:*.mkv=01;35:*.webm=01;35:*.webp=01;35:*.ogm=01;35:*.mp4=01;35:*.m4v=01;35:*.mp4v=01;35:*.vob=01;35:*.qt=01;35:*.nuv=01;35:*.wmv=01;35:*.asf=01;35:*.rm=01;35:*.rmvb=01;35:*.flc=01;35:*.avi=01;35:*.fli=01;35:*.flv=01;35:*.gl=01;35:*.dl=01;35:*.xcf=01;35:*.xwd=01;35:*.yuv=01;35:*.cgm=01;35:*.emf=01;35:*.ogv=01;35:*.ogx=01;35:*.aac=00;36:*.au=00;36:*.flac=00;36:*.m4a=00;36:*.mid=00;36:*.midi=00;36:*.mka=00;36:*.mp3=00;36:*.mpc=00;36:*.ogg=00;36:*.ra=00;36:*.wav=00;36:*.oga=00;36:*.opus=00;36:*.spx=00;36:*.xspf=00;36:'), ('GNOME_TERMINAL_SERVICE', ':1.256'), ('SSH_AGENT_LAUNCHER', 'gnome-keyring'), ('SSH_AUTH_SOCK', '/run/user/1000/keyring/ssh'), ('AMENT_PREFIX_PATH', '/home/syafihidayat/Documents/robot_smoothing/install/robot_waypoint_pkg:/home/syafihidayat/Documents/robot_smoothing/install/robot_main_pkg:/home/syafihidayat/Documents/robot_smoothing/install/robot_gui_pkg:/home/syafihidayat/Documents/robot_smoothing/install/purpuresuit_pkg:/home/syafihidayat/Documents/robot_smoothing/install/lbringup:/home/syafihidayat/microros_ws/install/micro_ros_setup:/home/syafihidayat/microros_ws/install/micro_ros_agent:/home/syafihidayat/microros_ws/install/micro_ros_msgs:/opt/ros/humble'), ('SHELL', '/bin/bash'), ('LC_NAME', 'id_ID.UTF-8'), ('QT_ACCESSIBILITY', '1'), ('GDMSESSION', 'ubuntu'), ('LESSCLOSE', '/usr/bin/lesspipe %s %s'), ('LC_MEASUREMENT', 'id_ID.UTF-8'), ('GPG_AGENT_INFO', '/run/user/1000/gnupg/S.gpg-agent:0:1'), ('LC_IDENTIFICATION', 'id_ID.UTF-8'), ('GAZEBO_MODEL_DATABASE_URI', ''), ('QT_IM_MODULE', 'ibus'), ('PWD', '/home/syafihidayat/Documents/robot_smoothing/build/purpuresuit_pkg'), ('TURTLEBOT3_MODEL', 'waffle'), ('LC_ALL', 'en_US.UTF-8'), ('XDG_CONFIG_DIRS', '/etc/xdg/xdg-ubuntu:/etc/xdg'), ('XDG_DATA_DIRS', '/usr/share/ubuntu:/usr/share/gnome:/usr/local/share/:/usr/share/:/var/lib/snapd/desktop'), ('PYTHONPATH', '/home/syafihidayat/Documents/robot_smoothing/install/robot_gui_pkg/lib/python3.10/site-packages:/home/syafihidayat/microros_ws/install/micro_ros_msgs/local/lib/python3.10/dist-packages:/opt/ros/humble/lib/python3.10/site-packages:/opt/ros/humble/local/lib/python3.10/dist-packages'), ('LC_NUMERIC', 'id_ID.UTF-8'), ('LC_PAPER', 'id_ID.UTF-8'), ('COLCON', '1'), ('VTE_VERSION', '6800'), ('CMAKE_PREFIX_PATH', '/home/syafihidayat/Documents/robot_smoothing/install/robot_waypoint_pkg:/home/syafihidayat/Documents/robot_smoothing/install/robot_main_pkg:/home/syafihidayat/Documents/robot_smoothing/install/purpuresuit_pkg:/home/syafihidayat/Documents/robot_smoothing/install/lbringup:/home/syafihidayat/microros_ws/install/micro_ros_setup:/home/syafihidayat/microros_ws/install/micro_ros_agent:/home/syafihidayat/microros_ws/install/micro_ros_msgs:/home/syafihidayat/Documents/robot_smoothing/install/robot_gui_pkg:/opt/ros/humble')]), 'shell': False}
[0.050685] (purpuresuit_pkg) StdoutLine: {'line': b'-- Found ament_cmake: 1.3.14 (/opt/ros/humble/share/ament_cmake/cmake)\n'}
[0.099176] (-) TimerEvent: {}
[0.199586] (-) TimerEvent: {}
[0.207117] (purpuresuit_pkg) StdoutLine: {'line': b'-- Found rclcpp: 16.0.19 (/opt/ros/humble/share/rclcpp/cmake)\n'}
[0.277559] (purpuresuit_pkg) StdoutLine: {'line': b'-- Found rosidl_generator_c: 3.1.9 (/opt/ros/humble/share/rosidl_generator_c/cmake)\n'}
[0.287552] (purpuresuit_pkg) StdoutLine: {'line': b'-- Found rosidl_adapter: 3.1.9 (/opt/ros/humble/share/rosidl_adapter/cmake)\n'}
[0.299715] (-) TimerEvent: {}
[0.300057] (purpuresuit_pkg) StdoutLine: {'line': b'-- Found rosidl_generator_cpp: 3.1.9 (/opt/ros/humble/share/rosidl_generator_cpp/cmake)\n'}
[0.317995] (purpuresuit_pkg) StdoutLine: {'line': b'-- Using all available rosidl_typesupport_c: rosidl_typesupport_fastrtps_c;rosidl_typesupport_introspection_c\n'}
[0.339461] (purpuresuit_pkg) StdoutLine: {'line': b'-- Using all available rosidl_typesupport_cpp: rosidl_typesupport_fastrtps_cpp;rosidl_typesupport_introspection_cpp\n'}
[0.399841] (-) TimerEvent: {}
[0.401378] (purpuresuit_pkg) StdoutLine: {'line': b'-- Found rmw_implementation_cmake: 6.1.2 (/opt/ros/humble/share/rmw_implementation_cmake/cmake)\n'}
[0.406157] (purpuresuit_pkg) StdoutLine: {'line': b'-- Found rmw_fastrtps_cpp: 6.2.10 (/opt/ros/humble/share/rmw_fastrtps_cpp/cmake)\n'}
[0.499979] (-) TimerEvent: {}
[0.545233] (purpuresuit_pkg) StdoutLine: {'line': b'-- Found OpenSSL: /usr/lib/x86_64-linux-gnu/libcrypto.so (found version "3.0.2")  \n'}
[0.578210] (purpuresuit_pkg) StdoutLine: {'line': b'-- Found FastRTPS: /opt/ros/humble/include  \n'}
[0.600118] (-) TimerEvent: {}
[0.628495] (purpuresuit_pkg) StdoutLine: {'line': b"-- Using RMW implementation 'rmw_fastrtps_cpp' as default\n"}
[0.644904] (purpuresuit_pkg) StdoutLine: {'line': b'-- Looking for pthread.h\n'}
[0.700267] (-) TimerEvent: {}
[0.776835] (purpuresuit_pkg) StdoutLine: {'line': b'-- Looking for pthread.h - found\n'}
[0.777511] (purpuresuit_pkg) StdoutLine: {'line': b'-- Performing Test CMAKE_HAVE_LIBC_PTHREAD\n'}
[0.800394] (-) TimerEvent: {}
[0.882452] (purpuresuit_pkg) StdoutLine: {'line': b'-- Performing Test CMAKE_HAVE_LIBC_PTHREAD - Success\n'}
[0.883279] (purpuresuit_pkg) StdoutLine: {'line': b'-- Found Threads: TRUE  \n'}
[0.900528] (-) TimerEvent: {}
[0.951105] (purpuresuit_pkg) StdoutLine: {'line': b'-- Found geometry_msgs: 4.9.1 (/opt/ros/humble/share/geometry_msgs/cmake)\n'}
[0.967971] (purpuresuit_pkg) StdoutLine: {'line': b'-- Found nav_msgs: 4.9.1 (/opt/ros/humble/share/nav_msgs/cmake)\n'}
[0.987573] (purpuresuit_pkg) StdoutLine: {'line': b'-- Found ament_lint_auto: 0.12.15 (/opt/ros/humble/share/ament_lint_auto/cmake)\n'}
[1.000648] (-) TimerEvent: {}
[1.093722] (purpuresuit_pkg) StdoutLine: {'line': b"-- Added test 'cppcheck' to perform static code analysis on C / C++ code\n"}
[1.094049] (purpuresuit_pkg) StdoutLine: {'line': b'-- Configured cppcheck include dirs: $<BUILD_INTERFACE:/home/syafihidayat/Documents/robot_smoothing/src/purpuresuit_pkg/include>\n'}
[1.094219] (purpuresuit_pkg) StdoutLine: {'line': b'-- Configured cppcheck exclude dirs and/or files: \n'}
[1.094856] (purpuresuit_pkg) StdoutLine: {'line': b"-- Added test 'lint_cmake' to check CMake code style\n"}
[1.096326] (purpuresuit_pkg) StdoutLine: {'line': b"-- Added test 'uncrustify' to check C / C++ code style\n"}
[1.096447] (purpuresuit_pkg) StdoutLine: {'line': b'-- Configured uncrustify additional arguments: \n'}
[1.096904] (purpuresuit_pkg) StdoutLine: {'line': b"-- Added test 'xmllint' to check XML markup files\n"}
[1.098607] (purpuresuit_pkg) StdoutLine: {'line': b'-- Configuring done\n'}
[1.100712] (-) TimerEvent: {}
[1.110711] (purpuresuit_pkg) StdoutLine: {'line': b'-- Generating done\n'}
[1.117372] (purpuresuit_pkg) StdoutLine: {'line': b'-- Build files have been written to: /home/syafihidayat/Documents/robot_smoothing/build/purpuresuit_pkg\n'}
[1.152216] (purpuresuit_pkg) StdoutLine: {'line': b'\x1b[35m\x1b[1mConsolidate compiler generated dependencies of target purpuresuit\x1b[0m\n'}
[1.168773] (purpuresuit_pkg) StdoutLine: {'line': b'[ 50%] \x1b[32mBuilding CXX object CMakeFiles/purpuresuit.dir/src/purpuresuit.cpp.o\x1b[0m\n'}
[1.200885] (-) TimerEvent: {}
[1.301277] (-) TimerEvent: {}
[1.401743] (-) TimerEvent: {}
[1.502209] (-) TimerEvent: {}
[1.602717] (-) TimerEvent: {}
[1.703220] (-) TimerEvent: {}
[1.803762] (-) TimerEvent: {}
[1.904189] (-) TimerEvent: {}
[2.004590] (-) TimerEvent: {}
[2.105076] (-) TimerEvent: {}
[2.205549] (-) TimerEvent: {}
[2.306015] (-) TimerEvent: {}
[2.406497] (-) TimerEvent: {}
[2.507087] (-) TimerEvent: {}
[2.607731] (-) TimerEvent: {}
[2.708393] (-) TimerEvent: {}
[2.808904] (-) TimerEvent: {}
[2.909562] (-) TimerEvent: {}
[3.009925] (-) TimerEvent: {}
[3.110228] (-) TimerEvent: {}
[3.210588] (-) TimerEvent: {}
[3.311043] (-) TimerEvent: {}
[3.381014] (purpuresuit_pkg) StderrLine: {'line': b'\x1b[01m\x1b[K/home/syafihidayat/Documents/robot_smoothing/src/purpuresuit_pkg/src/purpuresuit.cpp:73:36:\x1b[m\x1b[K \x1b[01;31m\x1b[Kerror: \x1b[m\x1b[K\xe2\x80\x98\x1b[01m\x1b[KFLoat32MultiArray\x1b[m\x1b[K\xe2\x80\x99 is not a member of \xe2\x80\x98\x1b[01m\x1b[Kstd_msgs\x1b[m\x1b[K\xe2\x80\x99\n'}
[3.381298] (purpuresuit_pkg) StderrLine: {'line': b'   73 |     rclcpp::Subscription<std_msgs::\x1b[01;31m\x1b[KFLoat32MultiArray\x1b[m\x1b[K>::SharedPtr pose_sub;\n'}
[3.381502] (purpuresuit_pkg) StderrLine: {'line': b'      |                                    \x1b[01;31m\x1b[K^~~~~~~~~~~~~~~~~\x1b[m\x1b[K\n'}
[3.381669] (purpuresuit_pkg) StderrLine: {'line': b'\x1b[01m\x1b[K/home/syafihidayat/Documents/robot_smoothing/src/purpuresuit_pkg/src/purpuresuit.cpp:73:53:\x1b[m\x1b[K \x1b[01;31m\x1b[Kerror: \x1b[m\x1b[Ktemplate argument 1 is invalid\n'}
[3.381808] (purpuresuit_pkg) StderrLine: {'line': b'   73 |     rclcpp::Subscription<std_msgs::FLoat32MultiArray\x1b[01;31m\x1b[K>\x1b[m\x1b[K::SharedPtr pose_sub;\n'}
[3.381943] (purpuresuit_pkg) StderrLine: {'line': b'      |                                                     \x1b[01;31m\x1b[K^\x1b[m\x1b[K\n'}
[3.382079] (purpuresuit_pkg) StderrLine: {'line': b'\x1b[01m\x1b[K/home/syafihidayat/Documents/robot_smoothing/src/purpuresuit_pkg/src/purpuresuit.cpp:73:53:\x1b[m\x1b[K \x1b[01;31m\x1b[Kerror: \x1b[m\x1b[Ktemplate argument 3 is invalid\n'}
[3.382213] (purpuresuit_pkg) StderrLine: {'line': b'\x1b[01m\x1b[K/home/syafihidayat/Documents/robot_smoothing/src/purpuresuit_pkg/src/purpuresuit.cpp:73:53:\x1b[m\x1b[K \x1b[01;31m\x1b[Kerror: \x1b[m\x1b[Ktemplate argument 4 is invalid\n'}
[3.382347] (purpuresuit_pkg) StderrLine: {'line': b'\x1b[01m\x1b[K/home/syafihidayat/Documents/robot_smoothing/src/purpuresuit_pkg/src/purpuresuit.cpp:73:53:\x1b[m\x1b[K \x1b[01;31m\x1b[Kerror: \x1b[m\x1b[Ktemplate argument 5 is invalid\n'}
[3.386599] (purpuresuit_pkg) StderrLine: {'line': b'\x1b[01m\x1b[K/home/syafihidayat/Documents/robot_smoothing/src/purpuresuit_pkg/src/purpuresuit.cpp:73:56:\x1b[m\x1b[K \x1b[01;31m\x1b[Kerror: \x1b[m\x1b[Kexpected \xe2\x80\x98\x1b[01m\x1b[K;\x1b[m\x1b[K\xe2\x80\x99 at end of member declaration\n'}
[3.386949] (purpuresuit_pkg) StderrLine: {'line': b'   73 |     rclcpp::Subscription<std_msgs::FLoat32MultiArray>::\x1b[01;31m\x1b[KSharedPtr\x1b[m\x1b[K pose_sub;\n'}
[3.387102] (purpuresuit_pkg) StderrLine: {'line': b'      |                                                        \x1b[01;31m\x1b[K^~~~~~~~~\x1b[m\x1b[K\n'}
[3.387241] (purpuresuit_pkg) StderrLine: {'line': b'      |                                                                 \x1b[32m\x1b[K;\x1b[m\x1b[K\n'}
[3.389696] (purpuresuit_pkg) StderrLine: {'line': b'\x1b[01m\x1b[K/home/syafihidayat/Documents/robot_smoothing/src/purpuresuit_pkg/src/purpuresuit.cpp:73:66:\x1b[m\x1b[K \x1b[01;31m\x1b[Kerror: \x1b[m\x1b[K\xe2\x80\x98\x1b[01m\x1b[Kpose_sub\x1b[m\x1b[K\xe2\x80\x99 does not name a type\n'}
[3.389877] (purpuresuit_pkg) StderrLine: {'line': b'   73 |  rclcpp::Subscription<std_msgs::FLoat32MultiArray>::SharedPtr \x1b[01;31m\x1b[Kpose_sub\x1b[m\x1b[K;\n'}
[3.389931] (purpuresuit_pkg) StderrLine: {'line': b'      |                                                               \x1b[01;31m\x1b[K^~~~~~~~\x1b[m\x1b[K\n'}
[3.390001] (purpuresuit_pkg) StderrLine: {'line': b'\n'}
[3.411159] (-) TimerEvent: {}
[3.440760] (purpuresuit_pkg) StderrLine: {'line': b'\x1b[01m\x1b[K/home/syafihidayat/Documents/robot_smoothing/src/purpuresuit_pkg/src/purpuresuit.cpp:\x1b[m\x1b[K In constructor \xe2\x80\x98\x1b[01m\x1b[KPurepursuitPathNode::PurepursuitPathNode()\x1b[m\x1b[K\xe2\x80\x99:\n'}
[3.441114] (purpuresuit_pkg) StderrLine: {'line': b'\x1b[01m\x1b[K/home/syafihidayat/Documents/robot_smoothing/src/purpuresuit_pkg/src/purpuresuit.cpp:38:9:\x1b[m\x1b[K \x1b[01;31m\x1b[Kerror: \x1b[m\x1b[K\xe2\x80\x98\x1b[01m\x1b[Kpath_sub\x1b[m\x1b[K\xe2\x80\x99 was not declared in this scope; did you mean \xe2\x80\x98\x1b[01m\x1b[Kpath_step\x1b[m\x1b[K\xe2\x80\x99?\n'}
[3.441312] (purpuresuit_pkg) StderrLine: {'line': b'   38 |         \x1b[01;31m\x1b[Kpath_sub\x1b[m\x1b[K = this->create_subscription<std_msgs::msg::Float32MultiArray>("path_points", 10, std::bind(&PurepursuitPathNode::pose_callback, this, std::placeholders::_1));\n'}
[3.441507] (purpuresuit_pkg) StderrLine: {'line': b'      |         \x1b[01;31m\x1b[K^~~~~~~~\x1b[m\x1b[K\n'}
[3.441674] (purpuresuit_pkg) StderrLine: {'line': b'      |         \x1b[32m\x1b[Kpath_step\x1b[m\x1b[K\n'}
[3.497663] (purpuresuit_pkg) StderrLine: {'line': b'\x1b[01m\x1b[K/home/syafihidayat/Documents/robot_smoothing/src/purpuresuit_pkg/src/purpuresuit.cpp:57:51:\x1b[m\x1b[K \x1b[01;31m\x1b[Kerror: \x1b[m\x1b[K\xe2\x80\x98\x1b[01m\x1b[Kpath_sampling_step\x1b[m\x1b[K\xe2\x80\x99 was not declared in this scope\n'}
[3.497910] (purpuresuit_pkg) StderrLine: {'line': b'   57 |         this->get_parameter("path_sampling_step", \x1b[01;31m\x1b[Kpath_sampling_step\x1b[m\x1b[K);\n'}
[3.498019] (purpuresuit_pkg) StderrLine: {'line': b'      |                                                   \x1b[01;31m\x1b[K^~~~~~~~~~~~~~~~~~\x1b[m\x1b[K\n'}
[3.501850] (purpuresuit_pkg) StderrLine: {'line': b'\x1b[01m\x1b[K/home/syafihidayat/Documents/robot_smoothing/src/purpuresuit_pkg/src/purpuresuit.cpp:65:9:\x1b[m\x1b[K \x1b[01;31m\x1b[Kerror: \x1b[m\x1b[K\xe2\x80\x98\x1b[01m\x1b[Ktimer_\x1b[m\x1b[K\xe2\x80\x99 was not declared in this scope; did you mean \xe2\x80\x98\x1b[01m\x1b[Ktimer_t\x1b[m\x1b[K\xe2\x80\x99?\n'}
[3.502099] (purpuresuit_pkg) StderrLine: {'line': b'   65 |         \x1b[01;31m\x1b[Ktimer_\x1b[m\x1b[K = this->create_wall_timer(\n'}
[3.502206] (purpuresuit_pkg) StderrLine: {'line': b'      |         \x1b[01;31m\x1b[K^~~~~~\x1b[m\x1b[K\n'}
[3.502303] (purpuresuit_pkg) StderrLine: {'line': b'      |         \x1b[32m\x1b[Ktimer_t\x1b[m\x1b[K\n'}
[3.502396] (purpuresuit_pkg) StderrLine: {'line': b'\x1b[01m\x1b[K/home/syafihidayat/Documents/robot_smoothing/src/purpuresuit_pkg/src/purpuresuit.cpp:67:24:\x1b[m\x1b[K \x1b[01;31m\x1b[Kerror: \x1b[m\x1b[K\xe2\x80\x98\x1b[01m\x1b[KPurePursuitPathNode\x1b[m\x1b[K\xe2\x80\x99 has not been declared\n'}
[3.502524] (purpuresuit_pkg) StderrLine: {'line': b'   67 |             std::bind(&\x1b[01;31m\x1b[KPurePursuitPathNode\x1b[m\x1b[K::control_loop, this));\n'}
[3.502629] (purpuresuit_pkg) StderrLine: {'line': b'      |                        \x1b[01;31m\x1b[K^~~~~~~~~~~~~~~~~~~\x1b[m\x1b[K\n'}
[3.507281] (purpuresuit_pkg) StderrLine: {'line': b'\x1b[01m\x1b[K/home/syafihidayat/Documents/robot_smoothing/src/purpuresuit_pkg/src/purpuresuit.cpp:\x1b[m\x1b[K In static member function \xe2\x80\x98\x1b[01m\x1b[Kstatic Point2D PurepursuitPathNode::catmullRomPoint(const Point2D&, const Point2D&, const Point2D&, const Point2D&, double)\x1b[m\x1b[K\xe2\x80\x99:\n'}
[3.507639] (purpuresuit_pkg) StderrLine: {'line': b'\x1b[01m\x1b[K/home/syafihidayat/Documents/robot_smoothing/src/purpuresuit_pkg/src/purpuresuit.cpp:101:9:\x1b[m\x1b[K \x1b[01;31m\x1b[Kerror: \x1b[m\x1b[K\xe2\x80\x98\x1b[01m\x1b[KPoint2d\x1b[m\x1b[K\xe2\x80\x99 was not declared in this scope; did you mean \xe2\x80\x98\x1b[01m\x1b[KPoint2D\x1b[m\x1b[K\xe2\x80\x99?\n'}
[3.507768] (purpuresuit_pkg) StderrLine: {'line': b'  101 |         \x1b[01;31m\x1b[KPoint2d\x1b[m\x1b[K out;\n'}
[3.507887] (purpuresuit_pkg) StderrLine: {'line': b'      |         \x1b[01;31m\x1b[K^~~~~~~\x1b[m\x1b[K\n'}
[3.508003] (purpuresuit_pkg) StderrLine: {'line': b'      |         \x1b[32m\x1b[KPoint2D\x1b[m\x1b[K\n'}
[3.511253] (-) TimerEvent: {}
[3.511560] (purpuresuit_pkg) StderrLine: {'line': b'\x1b[01m\x1b[K/home/syafihidayat/Documents/robot_smoothing/src/purpuresuit_pkg/src/purpuresuit.cpp:103:9:\x1b[m\x1b[K \x1b[01;31m\x1b[Kerror: \x1b[m\x1b[K\xe2\x80\x98\x1b[01m\x1b[Kout\x1b[m\x1b[K\xe2\x80\x99 was not declared in this scope\n'}
[3.511767] (purpuresuit_pkg) StderrLine: {'line': b'  103 |         \x1b[01;31m\x1b[Kout\x1b[m\x1b[K.x = 0.5 * ((2 * p1.x) + (-p0.x + p2.x) * t +\n'}
[3.511891] (purpuresuit_pkg) StderrLine: {'line': b'      |         \x1b[01;31m\x1b[K^~~\x1b[m\x1b[K\n'}
[3.517107] (purpuresuit_pkg) StderrLine: {'line': b'\x1b[01m\x1b[K/home/syafihidayat/Documents/robot_smoothing/src/purpuresuit_pkg/src/purpuresuit.cpp:\x1b[m\x1b[K In member function \xe2\x80\x98\x1b[01m\x1b[Ksize_t PurepursuitPathNode::findLookaheadIndex(const Point2D&, double, size_t)\x1b[m\x1b[K\xe2\x80\x99:\n'}
[3.517358] (purpuresuit_pkg) StderrLine: {'line': b'\x1b[01m\x1b[K/home/syafihidayat/Documents/robot_smoothing/src/purpuresuit_pkg/src/purpuresuit.cpp:144:40:\x1b[m\x1b[K \x1b[01;31m\x1b[Kerror: \x1b[m\x1b[K\xe2\x80\x98\x1b[01m\x1b[Kpath_\x1b[m\x1b[K\xe2\x80\x99 was not declared in this scope; did you mean \xe2\x80\x98\x1b[01m\x1b[Kpath\x1b[m\x1b[K\xe2\x80\x99?\n'}
[3.517548] (purpuresuit_pkg) StderrLine: {'line': b'  144 |         for (size_t i = start_idx; i < \x1b[01;31m\x1b[Kpath_\x1b[m\x1b[K.size(); i++)\n'}
[3.517652] (purpuresuit_pkg) StderrLine: {'line': b'      |                                        \x1b[01;31m\x1b[K^~~~~\x1b[m\x1b[K\n'}
[3.517747] (purpuresuit_pkg) StderrLine: {'line': b'      |                                        \x1b[32m\x1b[Kpath\x1b[m\x1b[K\n'}
[3.517838] (purpuresuit_pkg) StderrLine: {'line': b'\x1b[01m\x1b[K/home/syafihidayat/Documents/robot_smoothing/src/purpuresuit_pkg/src/purpuresuit.cpp:149:9:\x1b[m\x1b[K \x1b[01;31m\x1b[Kerror: \x1b[m\x1b[Kexpected \xe2\x80\x98\x1b[01m\x1b[K;\x1b[m\x1b[K\xe2\x80\x99 before \xe2\x80\x98\x1b[01m\x1b[K}\x1b[m\x1b[K\xe2\x80\x99 token\n'}
[3.517934] (purpuresuit_pkg) StderrLine: {'line': b'  149 |         \x1b[01;31m\x1b[K}\x1b[m\x1b[K\n'}
[3.518026] (purpuresuit_pkg) StderrLine: {'line': b'      |         \x1b[01;31m\x1b[K^\x1b[m\x1b[K\n'}
[3.520956] (purpuresuit_pkg) StderrLine: {'line': b'\x1b[01m\x1b[K/home/syafihidayat/Documents/robot_smoothing/src/purpuresuit_pkg/src/purpuresuit.cpp:151:35:\x1b[m\x1b[K \x1b[01;31m\x1b[Kerror: \x1b[m\x1b[K\xe2\x80\x98\x1b[01m\x1b[Kpath_\x1b[m\x1b[K\xe2\x80\x99 was not declared in this scope; did you mean \xe2\x80\x98\x1b[01m\x1b[Kpath\x1b[m\x1b[K\xe2\x80\x99?\n'}
[3.521119] (purpuresuit_pkg) StderrLine: {'line': b'  151 |         return path.empty() ? 0 : \x1b[01;31m\x1b[Kpath_\x1b[m\x1b[K.size() - 1;\n'}
[3.521172] (purpuresuit_pkg) StderrLine: {'line': b'      |                                   \x1b[01;31m\x1b[K^~~~~\x1b[m\x1b[K\n'}
[3.521241] (purpuresuit_pkg) StderrLine: {'line': b'      |                                   \x1b[32m\x1b[Kpath\x1b[m\x1b[K\n'}
[3.523918] (purpuresuit_pkg) StderrLine: {'line': b'\x1b[01m\x1b[K/home/syafihidayat/Documents/robot_smoothing/src/purpuresuit_pkg/src/purpuresuit.cpp:\x1b[m\x1b[K In member function \xe2\x80\x98\x1b[01m\x1b[Kvoid PurepursuitPathNode::pose_callback(geometry_msgs::msg::Point_<std::allocator<void> >::SharedPtr)\x1b[m\x1b[K\xe2\x80\x99:\n'}
[3.524131] (purpuresuit_pkg) StderrLine: {'line': b'\x1b[01m\x1b[K/home/syafihidayat/Documents/robot_smoothing/src/purpuresuit_pkg/src/purpuresuit.cpp:172:18:\x1b[m\x1b[K \x1b[01;31m\x1b[Kerror: \x1b[m\x1b[K\xe2\x80\x98\x1b[01m\x1b[Kusing element_type = struct geometry_msgs::msg::Point_<std::allocator<void> >\x1b[m\x1b[K\xe2\x80\x99 {aka \xe2\x80\x98\x1b[01m\x1b[Kstruct geometry_msgs::msg::Point_<std::allocator<void> >\x1b[m\x1b[K\xe2\x80\x99} has no member named \xe2\x80\x98\x1b[01m\x1b[Kdata\x1b[m\x1b[K\xe2\x80\x99\n'}
[3.524205] (purpuresuit_pkg) StderrLine: {'line': b'  172 |         if (msg->\x1b[01;31m\x1b[Kdata\x1b[m\x1b[K.size() < 2 || msg->data.size() % 2 != 0)\n'}
[3.524275] (purpuresuit_pkg) StderrLine: {'line': b'      |                  \x1b[01;31m\x1b[K^~~~\x1b[m\x1b[K\n'}
[3.524685] (purpuresuit_pkg) StderrLine: {'line': b'\x1b[01m\x1b[K/home/syafihidayat/Documents/robot_smoothing/src/purpuresuit_pkg/src/purpuresuit.cpp:172:42:\x1b[m\x1b[K \x1b[01;31m\x1b[Kerror: \x1b[m\x1b[K\xe2\x80\x98\x1b[01m\x1b[Kusing element_type = struct geometry_msgs::msg::Point_<std::allocator<void> >\x1b[m\x1b[K\xe2\x80\x99 {aka \xe2\x80\x98\x1b[01m\x1b[Kstruct geometry_msgs::msg::Point_<std::allocator<void> >\x1b[m\x1b[K\xe2\x80\x99} has no member named \xe2\x80\x98\x1b[01m\x1b[Kdata\x1b[m\x1b[K\xe2\x80\x99\n'}
[3.524924] (purpuresuit_pkg) StderrLine: {'line': b'  172 |         if (msg->data.size() < 2 || msg->\x1b[01;31m\x1b[Kdata\x1b[m\x1b[K.size() % 2 != 0)\n'}
[3.525026] (purpuresuit_pkg) StderrLine: {'line': b'      |                                          \x1b[01;31m\x1b[K^~~~\x1b[m\x1b[K\n'}
[3.525122] (purpuresuit_pkg) StderrLine: {'line': b'In file included from \x1b[01m\x1b[K/opt/ros/humble/include/rclcpp/rclcpp/logging.hpp:24\x1b[m\x1b[K,\n'}
[3.525214] (purpuresuit_pkg) StderrLine: {'line': b'                 from \x1b[01m\x1b[K/opt/ros/humble/include/rclcpp/rclcpp/client.hpp:40\x1b[m\x1b[K,\n'}
[3.525356] (purpuresuit_pkg) StderrLine: {'line': b'                 from \x1b[01m\x1b[K/opt/ros/humble/include/rclcpp/rclcpp/callback_group.hpp:24\x1b[m\x1b[K,\n'}
[3.525418] (purpuresuit_pkg) StderrLine: {'line': b'                 from \x1b[01m\x1b[K/opt/ros/humble/include/rclcpp/rclcpp/any_executable.hpp:20\x1b[m\x1b[K,\n'}
[3.525492] (purpuresuit_pkg) StderrLine: {'line': b'                 from \x1b[01m\x1b[K/opt/ros/humble/include/rclcpp/rclcpp/memory_strategy.hpp:25\x1b[m\x1b[K,\n'}
[3.525557] (purpuresuit_pkg) StderrLine: {'line': b'                 from \x1b[01m\x1b[K/opt/ros/humble/include/rclcpp/rclcpp/memory_strategies.hpp:18\x1b[m\x1b[K,\n'}
[3.525616] (purpuresuit_pkg) StderrLine: {'line': b'                 from \x1b[01m\x1b[K/opt/ros/humble/include/rclcpp/rclcpp/executor_options.hpp:20\x1b[m\x1b[K,\n'}
[3.525673] (purpuresuit_pkg) StderrLine: {'line': b'                 from \x1b[01m\x1b[K/opt/ros/humble/include/rclcpp/rclcpp/executor.hpp:37\x1b[m\x1b[K,\n'}
[3.525731] (purpuresuit_pkg) StderrLine: {'line': b'                 from \x1b[01m\x1b[K/opt/ros/humble/include/rclcpp/rclcpp/executors/multi_threaded_executor.hpp:25\x1b[m\x1b[K,\n'}
[3.525810] (purpuresuit_pkg) StderrLine: {'line': b'                 from \x1b[01m\x1b[K/opt/ros/humble/include/rclcpp/rclcpp/executors.hpp:21\x1b[m\x1b[K,\n'}
[3.525868] (purpuresuit_pkg) StderrLine: {'line': b'                 from \x1b[01m\x1b[K/opt/ros/humble/include/rclcpp/rclcpp/rclcpp.hpp:155\x1b[m\x1b[K,\n'}
[3.525924] (purpuresuit_pkg) StderrLine: {'line': b'                 from \x1b[01m\x1b[K/home/syafihidayat/Documents/robot_smoothing/src/purpuresuit_pkg/src/purpuresuit.cpp:19\x1b[m\x1b[K:\n'}
[3.525981] (purpuresuit_pkg) StderrLine: {'line': b'\x1b[01m\x1b[K/home/syafihidayat/Documents/robot_smoothing/src/purpuresuit_pkg/src/purpuresuit.cpp:174:82:\x1b[m\x1b[K \x1b[01;31m\x1b[Kerror: \x1b[m\x1b[K\xe2\x80\x98\x1b[01m\x1b[Kusing element_type = struct geometry_msgs::msg::Point_<std::allocator<void> >\x1b[m\x1b[K\xe2\x80\x99 {aka \xe2\x80\x98\x1b[01m\x1b[Kstruct geometry_msgs::msg::Point_<std::allocator<void> >\x1b[m\x1b[K\xe2\x80\x99} has no member named \xe2\x80\x98\x1b[01m\x1b[Kdata\x1b[m\x1b[K\xe2\x80\x99\n'}
[3.526045] (purpuresuit_pkg) StderrLine: {'line': b'  174 | RN(get_logger(), "path_points data invalid size: %zu", msg->\x1b[01;31m\x1b[Kdata\x1b[m\x1b[K.size());\n'}
[3.526103] (purpuresuit_pkg) StderrLine: {'line': b'      |                                                             \x1b[01;31m\x1b[K^~~~\x1b[m\x1b[K\n'}
[3.526159] (purpuresuit_pkg) StderrLine: {'line': b'\n'}
[3.526214] (purpuresuit_pkg) StderrLine: {'line': b'\x1b[01m\x1b[K/home/syafihidayat/Documents/robot_smoothing/src/purpuresuit_pkg/src/purpuresuit.cpp:182:41:\x1b[m\x1b[K \x1b[01;31m\x1b[Kerror: \x1b[m\x1b[K\xe2\x80\x98\x1b[01m\x1b[Kusing element_type = struct geometry_msgs::msg::Point_<std::allocator<void> >\x1b[m\x1b[K\xe2\x80\x99 {aka \xe2\x80\x98\x1b[01m\x1b[Kstruct geometry_msgs::msg::Point_<std::allocator<void> >\x1b[m\x1b[K\xe2\x80\x99} has no member named \xe2\x80\x98\x1b[01m\x1b[Kdata\x1b[m\x1b[K\xe2\x80\x99\n'}
[3.526278] (purpuresuit_pkg) StderrLine: {'line': b'  182 |         for (size_t i = 0; i + 1 < msg->\x1b[01;31m\x1b[Kdata\x1b[m\x1b[K.size(); i += 2)\n'}
[3.526335] (purpuresuit_pkg) StderrLine: {'line': b'      |                                         \x1b[01;31m\x1b[K^~~~\x1b[m\x1b[K\n'}
[3.526394] (purpuresuit_pkg) StderrLine: {'line': b'\x1b[01m\x1b[K/home/syafihidayat/Documents/robot_smoothing/src/purpuresuit_pkg/src/purpuresuit.cpp:184:59:\x1b[m\x1b[K \x1b[01;31m\x1b[Kerror: \x1b[m\x1b[K\xe2\x80\x98\x1b[01m\x1b[Kusing element_type = struct geometry_msgs::msg::Point_<std::allocator<void> >\x1b[m\x1b[K\xe2\x80\x99 {aka \xe2\x80\x98\x1b[01m\x1b[Kstruct geometry_msgs::msg::Point_<std::allocator<void> >\x1b[m\x1b[K\xe2\x80\x99} has no member named \xe2\x80\x98\x1b[01m\x1b[Kdata\x1b[m\x1b[K\xe2\x80\x99\n'}
[3.526451] (purpuresuit_pkg) StderrLine: {'line': b'  184 |             waypoints.push_back({static_cast<double>(msg->\x1b[01;31m\x1b[Kdata\x1b[m\x1b[K[i]), static_cast<double>(msg->data[i + 1])});\n'}
[3.526516] (purpuresuit_pkg) StderrLine: {'line': b'      |                                                           \x1b[01;31m\x1b[K^~~~\x1b[m\x1b[K\n'}
[3.526588] (purpuresuit_pkg) StderrLine: {'line': b'\x1b[01m\x1b[K/home/syafihidayat/Documents/robot_smoothing/src/purpuresuit_pkg/src/purpuresuit.cpp:184:94:\x1b[m\x1b[K \x1b[01;31m\x1b[Kerror: \x1b[m\x1b[K\xe2\x80\x98\x1b[01m\x1b[Kusing element_type = struct geometry_msgs::msg::Point_<std::allocator<void> >\x1b[m\x1b[K\xe2\x80\x99 {aka \xe2\x80\x98\x1b[01m\x1b[Kstruct geometry_msgs::msg::Point_<std::allocator<void> >\x1b[m\x1b[K\xe2\x80\x99} has no member named \xe2\x80\x98\x1b[01m\x1b[Kdata\x1b[m\x1b[K\xe2\x80\x99\n'}
[3.526634] (purpuresuit_pkg) StderrLine: {'line': b'  184 | static_cast<double>(msg->data[i]), static_cast<double>(msg->\x1b[01;31m\x1b[Kdata\x1b[m\x1b[K[i + 1])});\n'}
[3.526680] (purpuresuit_pkg) StderrLine: {'line': b'      |                                                             \x1b[01;31m\x1b[K^~~~\x1b[m\x1b[K\n'}
[3.526726] (purpuresuit_pkg) StderrLine: {'line': b'\n'}
[3.526770] (purpuresuit_pkg) StderrLine: {'line': b'\x1b[01m\x1b[K/home/syafihidayat/Documents/robot_smoothing/src/purpuresuit_pkg/src/purpuresuit.cpp:184:32:\x1b[m\x1b[K \x1b[01;31m\x1b[Kerror: \x1b[m\x1b[Kno matching function for call to \xe2\x80\x98\x1b[01m\x1b[Kstd::vector<Point2D>::push_back(<brace-enclosed initializer list>)\x1b[m\x1b[K\xe2\x80\x99\n'}
[3.526821] (purpuresuit_pkg) StderrLine: {'line': b'  184 |             \x1b[01;31m\x1b[Kwaypoints.push_back({static_cast<double>(msg->data[i]), static_cast<double>(msg->data[i + 1])})\x1b[m\x1b[K;\n'}
[3.526866] (purpuresuit_pkg) StderrLine: {'line': b'      |             \x1b[01;31m\x1b[K~~~~~~~~~~~~~~~~~~~^~~~~~~~~~~~~~~~~~~~~~~~~~~~~~~~~~~~~~~~~~~~~~~~~~~~~~~~~~~~~~~~~~~~~~~~~~~~\x1b[m\x1b[K\n'}
[3.526912] (purpuresuit_pkg) StderrLine: {'line': b'In file included from \x1b[01m\x1b[K/usr/include/c++/11/vector:67\x1b[m\x1b[K,\n'}
[3.526954] (purpuresuit_pkg) StderrLine: {'line': b'                 from \x1b[01m\x1b[K/home/syafihidayat/Documents/robot_smoothing/src/purpuresuit_pkg/src/purpuresuit.cpp:15\x1b[m\x1b[K:\n'}
[3.526998] (purpuresuit_pkg) StderrLine: {'line': b'\x1b[01m\x1b[K/usr/include/c++/11/bits/stl_vector.h:1187:7:\x1b[m\x1b[K \x1b[01;36m\x1b[Knote: \x1b[m\x1b[Kcandidate: \xe2\x80\x98\x1b[01m\x1b[Kvoid std::vector<_Tp, _Alloc>::push_back(const value_type&) [with _Tp = Point2D; _Alloc = std::allocator<Point2D>; std::vector<_Tp, _Alloc>::value_type = Point2D]\x1b[m\x1b[K\xe2\x80\x99\n'}
[3.527045] (purpuresuit_pkg) StderrLine: {'line': b' 1187 |       \x1b[01;36m\x1b[Kpush_back\x1b[m\x1b[K(const value_type& __x)\n'}
[3.527093] (purpuresuit_pkg) StderrLine: {'line': b'      |       \x1b[01;36m\x1b[K^~~~~~~~~\x1b[m\x1b[K\n'}
[3.527144] (purpuresuit_pkg) StderrLine: {'line': b'\x1b[01m\x1b[K/usr/include/c++/11/bits/stl_vector.h:1187:35:\x1b[m\x1b[K \x1b[01;36m\x1b[Knote: \x1b[m\x1b[K  no known conversion for argument 1 from \xe2\x80\x98\x1b[01m\x1b[K<brace-enclosed initializer list>\x1b[m\x1b[K\xe2\x80\x99 to \xe2\x80\x98\x1b[01m\x1b[Kconst value_type&\x1b[m\x1b[K\xe2\x80\x99 {aka \xe2\x80\x98\x1b[01m\x1b[Kconst Point2D&\x1b[m\x1b[K\xe2\x80\x99}\n'}
[3.527192] (purpuresuit_pkg) StderrLine: {'line': b' 1187 |       push_back(\x1b[01;36m\x1b[Kconst value_type& __x\x1b[m\x1b[K)\n'}
[3.527236] (purpuresuit_pkg) StderrLine: {'line': b'      |                 \x1b[01;36m\x1b[K~~~~~~~~~~~~~~~~~~^~~\x1b[m\x1b[K\n'}
[3.527279] (purpuresuit_pkg) StderrLine: {'line': b'\x1b[01m\x1b[K/usr/include/c++/11/bits/stl_vector.h:1203:7:\x1b[m\x1b[K \x1b[01;36m\x1b[Knote: \x1b[m\x1b[Kcandidate: \xe2\x80\x98\x1b[01m\x1b[Kvoid std::vector<_Tp, _Alloc>::push_back(std::vector<_Tp, _Alloc>::value_type&&) [with _Tp = Point2D; _Alloc = std::allocator<Point2D>; std::vector<_Tp, _Alloc>::value_type = Point2D]\x1b[m\x1b[K\xe2\x80\x99\n'}
[3.527334] (purpuresuit_pkg) StderrLine: {'line': b' 1203 |       \x1b[01;36m\x1b[Kpush_back\x1b[m\x1b[K(value_type&& __x)\n'}
[3.527386] (purpuresuit_pkg) StderrLine: {'line': b'      |       \x1b[01;36m\x1b[K^~~~~~~~~\x1b[m\x1b[K\n'}
[3.527429] (purpuresuit_pkg) StderrLine: {'line': b'\x1b[01m\x1b[K/usr/include/c++/11/bits/stl_vector.h:1203:30:\x1b[m\x1b[K \x1b[01;36m\x1b[Knote: \x1b[m\x1b[K  no known conversion for argument 1 from \xe2\x80\x98\x1b[01m\x1b[K<brace-enclosed initializer list>\x1b[m\x1b[K\xe2\x80\x99 to \xe2\x80\x98\x1b[01m\x1b[Kstd::vector<Point2D>::value_type&&\x1b[m\x1b[K\xe2\x80\x99 {aka \xe2\x80\x98\x1b[01m\x1b[KPoint2D&&\x1b[m\x1b[K\xe2\x80\x99}\n'}
[3.527492] (purpuresuit_pkg) StderrLine: {'line': b' 1203 |       push_back(\x1b[01;36m\x1b[Kvalue_type&& __x\x1b[m\x1b[K)\n'}
[3.527545] (purpuresuit_pkg) StderrLine: {'line': b'      |                 \x1b[01;36m\x1b[K~~~~~~~~~~~~~^~~\x1b[m\x1b[K\n'}
[3.534361] (purpuresuit_pkg) StderrLine: {'line': b'\x1b[01m\x1b[K/home/syafihidayat/Documents/robot_smoothing/src/purpuresuit_pkg/src/purpuresuit.cpp:188:32:\x1b[m\x1b[K \x1b[01;31m\x1b[Kerror: \x1b[m\x1b[K\xe2\x80\x98\x1b[01m\x1b[KbuildStraightPath\x1b[m\x1b[K\xe2\x80\x99 was not declared in this scope\n'}
[3.534624] (purpuresuit_pkg) StderrLine: {'line': b'  188 |                              : \x1b[01;31m\x1b[KbuildStraightPath\x1b[m\x1b[K(waypoints, path_step);\n'}
[3.534742] (purpuresuit_pkg) StderrLine: {'line': b'      |                                \x1b[01;31m\x1b[K^~~~~~~~~~~~~~~~~\x1b[m\x1b[K\n'}
[3.535018] (purpuresuit_pkg) StderrLine: {'line': b'In file included from \x1b[01m\x1b[K/opt/ros/humble/include/rclcpp/rclcpp/logging.hpp:24\x1b[m\x1b[K,\n'}
[3.535139] (purpuresuit_pkg) StderrLine: {'line': b'                 from \x1b[01m\x1b[K/opt/ros/humble/include/rclcpp/rclcpp/client.hpp:40\x1b[m\x1b[K,\n'}
[3.535241] (purpuresuit_pkg) StderrLine: {'line': b'                 from \x1b[01m\x1b[K/opt/ros/humble/include/rclcpp/rclcpp/callback_group.hpp:24\x1b[m\x1b[K,\n'}
[3.535338] (purpuresuit_pkg) StderrLine: {'line': b'                 from \x1b[01m\x1b[K/opt/ros/humble/include/rclcpp/rclcpp/any_executable.hpp:20\x1b[m\x1b[K,\n'}
[3.535437] (purpuresuit_pkg) StderrLine: {'line': b'                 from \x1b[01m\x1b[K/opt/ros/humble/include/rclcpp/rclcpp/memory_strategy.hpp:25\x1b[m\x1b[K,\n'}
[3.535563] (purpuresuit_pkg) StderrLine: {'line': b'                 from \x1b[01m\x1b[K/opt/ros/humble/include/rclcpp/rclcpp/memory_strategies.hpp:18\x1b[m\x1b[K,\n'}
[3.535665] (purpuresuit_pkg) StderrLine: {'line': b'                 from \x1b[01m\x1b[K/opt/ros/humble/include/rclcpp/rclcpp/executor_options.hpp:20\x1b[m\x1b[K,\n'}
[3.535762] (purpuresuit_pkg) StderrLine: {'line': b'                 from \x1b[01m\x1b[K/opt/ros/humble/include/rclcpp/rclcpp/executor.hpp:37\x1b[m\x1b[K,\n'}
[3.535862] (purpuresuit_pkg) StderrLine: {'line': b'                 from \x1b[01m\x1b[K/opt/ros/humble/include/rclcpp/rclcpp/executors/multi_threaded_executor.hpp:25\x1b[m\x1b[K,\n'}
[3.535982] (purpuresuit_pkg) StderrLine: {'line': b'                 from \x1b[01m\x1b[K/opt/ros/humble/include/rclcpp/rclcpp/executors.hpp:21\x1b[m\x1b[K,\n'}
[3.536079] (purpuresuit_pkg) StderrLine: {'line': b'                 from \x1b[01m\x1b[K/opt/ros/humble/include/rclcpp/rclcpp/rclcpp.hpp:155\x1b[m\x1b[K,\n'}
[3.536178] (purpuresuit_pkg) StderrLine: {'line': b'                 from \x1b[01m\x1b[K/home/syafihidayat/Documents/robot_smoothing/src/purpuresuit_pkg/src/purpuresuit.cpp:19\x1b[m\x1b[K:\n'}
[3.536274] (purpuresuit_pkg) StderrLine: {'line': b'\x1b[01m\x1b[K/home/syafihidayat/Documents/robot_smoothing/src/purpuresuit_pkg/src/purpuresuit.cpp:195:27:\x1b[m\x1b[K \x1b[01;31m\x1b[Kerror: \x1b[m\x1b[K\xe2\x80\x98\x1b[01m\x1b[Kusing element_type = struct geometry_msgs::msg::Point_<std::allocator<void> >\x1b[m\x1b[K\xe2\x80\x99 {aka \xe2\x80\x98\x1b[01m\x1b[Kstruct geometry_msgs::msg::Point_<std::allocator<void> >\x1b[m\x1b[K\xe2\x80\x99} has no member named \xe2\x80\x98\x1b[01m\x1b[Kdata\x1b[m\x1b[K\xe2\x80\x99\n'}
[3.536376] (purpuresuit_pkg) StderrLine: {'line': b'  195 |                     (msg->\x1b[01;31m\x1b[Kdata\x1b[m\x1b[K.size() / 2), path_.size(), use_smoothing_ ? "true" : "false");\n'}
[3.536510] (purpuresuit_pkg) StderrLine: {'line': b'      |                           \x1b[01;31m\x1b[K^~~~\x1b[m\x1b[K\n'}
[3.539232] (purpuresuit_pkg) StderrLine: {'line': b'\x1b[01m\x1b[K/home/syafihidayat/Documents/robot_smoothing/src/purpuresuit_pkg/src/purpuresuit.cpp:195:45:\x1b[m\x1b[K \x1b[01;31m\x1b[Kerror: \x1b[m\x1b[K\xe2\x80\x98\x1b[01m\x1b[Kpath_\x1b[m\x1b[K\xe2\x80\x99 was not declared in this scope; did you mean \xe2\x80\x98\x1b[01m\x1b[Kpath\x1b[m\x1b[K\xe2\x80\x99?\n'}
[3.539484] (purpuresuit_pkg) StderrLine: {'line': b'  195 |                     (msg->data.size() / 2), \x1b[01;31m\x1b[Kpath_\x1b[m\x1b[K.size(), use_smoothing_ ? "true" : "false");\n'}
[3.539630] (purpuresuit_pkg) StderrLine: {'line': b'      |                                             \x1b[01;31m\x1b[K^~~~~\x1b[m\x1b[K\n'}
[3.544331] (purpuresuit_pkg) StderrLine: {'line': b'\x1b[01m\x1b[K/home/syafihidayat/Documents/robot_smoothing/src/purpuresuit_pkg/src/purpuresuit.cpp:195:59:\x1b[m\x1b[K \x1b[01;31m\x1b[Kerror: \x1b[m\x1b[K\xe2\x80\x98\x1b[01m\x1b[Kuse_smoothing_\x1b[m\x1b[K\xe2\x80\x99 was not declared in this scope; did you mean \xe2\x80\x98\x1b[01m\x1b[Kuse_smoothing\x1b[m\x1b[K\xe2\x80\x99?\n'}
[3.544680] (purpuresuit_pkg) StderrLine: {'line': b'  195 |                     (msg->data.size() / 2), path_.size(), \x1b[01;31m\x1b[Kuse_smoothing_\x1b[m\x1b[K ? "true" : "false");\n'}
[3.544900] (purpuresuit_pkg) StderrLine: {'line': b'      |                                                           \x1b[01;31m\x1b[K^~~~~~~~~~~~~~\x1b[m\x1b[K\n'}
[3.546974] (purpuresuit_pkg) StderrLine: {'line': b'\x1b[01m\x1b[K/home/syafihidayat/Documents/robot_smoothing/src/purpuresuit_pkg/src/purpuresuit.cpp:\x1b[m\x1b[K In member function \xe2\x80\x98\x1b[01m\x1b[Kvoid PurepursuitPathNode::cotrol_loop()\x1b[m\x1b[K\xe2\x80\x99:\n'}
[3.547221] (purpuresuit_pkg) StderrLine: {'line': b'\x1b[01m\x1b[K/home/syafihidayat/Documents/robot_smoothing/src/purpuresuit_pkg/src/purpuresuit.cpp:207:61:\x1b[m\x1b[K \x1b[01;31m\x1b[Kerror: \x1b[m\x1b[Kinvalid use of member function \xe2\x80\x98\x1b[01m\x1b[Kbool std::vector<_Tp, _Alloc>::empty() const [with _Tp = Point2D; _Alloc = std::allocator<Point2D>]\x1b[m\x1b[K\xe2\x80\x99 (did you forget the \xe2\x80\x98\x1b[01m\x1b[K()\x1b[m\x1b[K\xe2\x80\x99 ?)\n'}
[3.547359] (purpuresuit_pkg) StderrLine: {'line': b'  207 |         if (!has_path || !odom_received || finished || \x1b[01;31m\x1b[Kpath.empty\x1b[m\x1b[K)\n'}
[3.547479] (purpuresuit_pkg) StderrLine: {'line': b'      |                                                        \x1b[01;31m\x1b[K~~~~~^~~~~\x1b[m\x1b[K\n'}
[3.547534] (purpuresuit_pkg) StderrLine: {'line': b'      |                                                                  \x1b[32m\x1b[K()\x1b[m\x1b[K\n'}
[3.548550] (purpuresuit_pkg) StderrLine: {'line': b'\x1b[01m\x1b[K/home/syafihidayat/Documents/robot_smoothing/src/purpuresuit_pkg/src/purpuresuit.cpp:\x1b[m\x1b[K At global scope:\n'}
[3.548775] (purpuresuit_pkg) StderrLine: {'line': b'\x1b[01m\x1b[K/home/syafihidayat/Documents/robot_smoothing/src/purpuresuit_pkg/src/purpuresuit.cpp:261:1:\x1b[m\x1b[K \x1b[01;35m\x1b[Kwarning: \x1b[m\x1b[KISO C++ forbids declaration of \xe2\x80\x98\x1b[01m\x1b[Kmain\x1b[m\x1b[K\xe2\x80\x99 with no type [\x1b[01;35m\x1b[K\x1b]8;;https://gcc.gnu.org/onlinedocs/gcc/Warning-Options.html#index-Wpedantic\x07-Wpedantic\x1b]8;;\x07\x1b[m\x1b[K]\n'}
[3.548886] (purpuresuit_pkg) StderrLine: {'line': b'  261 | \x1b[01;35m\x1b[Kmain\x1b[m\x1b[K(int argc, char **argv)\n'}
[3.548986] (purpuresuit_pkg) StderrLine: {'line': b'      | \x1b[01;35m\x1b[K^~~~\x1b[m\x1b[K\n'}
[3.552985] (purpuresuit_pkg) StderrLine: {'line': b'\x1b[01m\x1b[K/home/syafihidayat/Documents/robot_smoothing/src/purpuresuit_pkg/src/purpuresuit.cpp:\x1b[m\x1b[K In function \xe2\x80\x98\x1b[01m\x1b[Kint main(int, char**)\x1b[m\x1b[K\xe2\x80\x99:\n'}
[3.553248] (purpuresuit_pkg) StderrLine: {'line': b'\x1b[01m\x1b[K/home/syafihidayat/Documents/robot_smoothing/src/purpuresuit_pkg/src/purpuresuit.cpp:264:34:\x1b[m\x1b[K \x1b[01;31m\x1b[Kerror: \x1b[m\x1b[K\xe2\x80\x98\x1b[01m\x1b[KPurePursuitPathNode\x1b[m\x1b[K\xe2\x80\x99 was not declared in this scope; did you mean \xe2\x80\x98\x1b[01m\x1b[KPurepursuitPathNode\x1b[m\x1b[K\xe2\x80\x99?\n'}
[3.553386] (purpuresuit_pkg) StderrLine: {'line': b'  264 |     auto node = std::make_shared<\x1b[01;31m\x1b[KPurePursuitPathNode\x1b[m\x1b[K>();\n'}
[3.553504] (purpuresuit_pkg) StderrLine: {'line': b'      |                                  \x1b[01;31m\x1b[K^~~~~~~~~~~~~~~~~~~\x1b[m\x1b[K\n'}
[3.553611] (purpuresuit_pkg) StderrLine: {'line': b'      |                                  \x1b[32m\x1b[KPurepursuitPathNode\x1b[m\x1b[K\n'}
[3.553711] (purpuresuit_pkg) StderrLine: {'line': b'\x1b[01m\x1b[K/home/syafihidayat/Documents/robot_smoothing/src/purpuresuit_pkg/src/purpuresuit.cpp:264:54:\x1b[m\x1b[K \x1b[01;31m\x1b[Kerror: \x1b[m\x1b[Kno matching function for call to \xe2\x80\x98\x1b[01m\x1b[Kmake_shared<<expression error> >()\x1b[m\x1b[K\xe2\x80\x99\n'}
[3.553809] (purpuresuit_pkg) StderrLine: {'line': b'  264 |     auto node = \x1b[01;31m\x1b[Kstd::make_shared<PurePursuitPathNode>()\x1b[m\x1b[K;\n'}
[3.553904] (purpuresuit_pkg) StderrLine: {'line': b'      |                 \x1b[01;31m\x1b[K~~~~~~~~~~~~~~~~~~~~~~~~~~~~~~~~~~~~~^~\x1b[m\x1b[K\n'}
[3.554016] (purpuresuit_pkg) StderrLine: {'line': b'In file included from \x1b[01m\x1b[K/usr/include/c++/11/memory:77\x1b[m\x1b[K,\n'}
[3.554114] (purpuresuit_pkg) StderrLine: {'line': b'                 from \x1b[01m\x1b[K/home/syafihidayat/Documents/robot_smoothing/src/purpuresuit_pkg/src/purpuresuit.cpp:14\x1b[m\x1b[K:\n'}
[3.554211] (purpuresuit_pkg) StderrLine: {'line': b'\x1b[01m\x1b[K/usr/include/c++/11/bits/shared_ptr.h:875:5:\x1b[m\x1b[K \x1b[01;36m\x1b[Knote: \x1b[m\x1b[Kcandidate: \xe2\x80\x98\x1b[01m\x1b[Ktemplate<class _Tp, class ... _Args> std::shared_ptr<_Tp> std::make_shared(_Args&& ...)\x1b[m\x1b[K\xe2\x80\x99\n'}
[3.554311] (purpuresuit_pkg) StderrLine: {'line': b'  875 |     \x1b[01;36m\x1b[Kmake_shared\x1b[m\x1b[K(_Args&&... __args)\n'}
[3.554407] (purpuresuit_pkg) StderrLine: {'line': b'      |     \x1b[01;36m\x1b[K^~~~~~~~~~~\x1b[m\x1b[K\n'}
[3.554535] (purpuresuit_pkg) StderrLine: {'line': b'\x1b[01m\x1b[K/usr/include/c++/11/bits/shared_ptr.h:875:5:\x1b[m\x1b[K \x1b[01;36m\x1b[Knote: \x1b[m\x1b[K  template argument deduction/substitution failed:\n'}
[3.554642] (purpuresuit_pkg) StderrLine: {'line': b'\x1b[01m\x1b[K/home/syafihidayat/Documents/robot_smoothing/src/purpuresuit_pkg/src/purpuresuit.cpp:264:54:\x1b[m\x1b[K \x1b[01;31m\x1b[Kerror: \x1b[m\x1b[Ktemplate argument 1 is invalid\n'}
[3.554735] (purpuresuit_pkg) StderrLine: {'line': b'  264 |     auto node = \x1b[01;31m\x1b[Kstd::make_shared<PurePursuitPathNode>()\x1b[m\x1b[K;\n'}
[3.554830] (purpuresuit_pkg) StderrLine: {'line': b'      |                 \x1b[01;31m\x1b[K~~~~~~~~~~~~~~~~~~~~~~~~~~~~~~~~~~~~~^~\x1b[m\x1b[K\n'}
[3.611364] (-) TimerEvent: {}
[3.711756] (-) TimerEvent: {}
[3.812252] (-) TimerEvent: {}
[3.912903] (-) TimerEvent: {}
[4.013537] (-) TimerEvent: {}
[4.023231] (purpuresuit_pkg) StderrLine: {'line': b'In file included from \x1b[01m\x1b[K/opt/ros/humble/include/rclcpp/rclcpp/subscription_base.hpp:32\x1b[m\x1b[K,\n'}
[4.023952] (purpuresuit_pkg) StderrLine: {'line': b'                 from \x1b[01m\x1b[K/opt/ros/humble/include/rclcpp/rclcpp/callback_group.hpp:29\x1b[m\x1b[K,\n'}
[4.024177] (purpuresuit_pkg) StderrLine: {'line': b'                 from \x1b[01m\x1b[K/opt/ros/humble/include/rclcpp/rclcpp/any_executable.hpp:20\x1b[m\x1b[K,\n'}
[4.024299] (purpuresuit_pkg) StderrLine: {'line': b'                 from \x1b[01m\x1b[K/opt/ros/humble/include/rclcpp/rclcpp/memory_strategy.hpp:25\x1b[m\x1b[K,\n'}
[4.024411] (purpuresuit_pkg) StderrLine: {'line': b'                 from \x1b[01m\x1b[K/opt/ros/humble/include/rclcpp/rclcpp/memory_strategies.hpp:18\x1b[m\x1b[K,\n'}
[4.024631] (purpuresuit_pkg) StderrLine: {'line': b'                 from \x1b[01m\x1b[K/opt/ros/humble/include/rclcpp/rclcpp/executor_options.hpp:20\x1b[m\x1b[K,\n'}
[4.024847] (purpuresuit_pkg) StderrLine: {'line': b'                 from \x1b[01m\x1b[K/opt/ros/humble/include/rclcpp/rclcpp/executor.hpp:37\x1b[m\x1b[K,\n'}
[4.025006] (purpuresuit_pkg) StderrLine: {'line': b'                 from \x1b[01m\x1b[K/opt/ros/humble/include/rclcpp/rclcpp/executors/multi_threaded_executor.hpp:25\x1b[m\x1b[K,\n'}
[4.025167] (purpuresuit_pkg) StderrLine: {'line': b'                 from \x1b[01m\x1b[K/opt/ros/humble/include/rclcpp/rclcpp/executors.hpp:21\x1b[m\x1b[K,\n'}
[4.025325] (purpuresuit_pkg) StderrLine: {'line': b'                 from \x1b[01m\x1b[K/opt/ros/humble/include/rclcpp/rclcpp/rclcpp.hpp:155\x1b[m\x1b[K,\n'}
[4.025499] (purpuresuit_pkg) StderrLine: {'line': b'                 from \x1b[01m\x1b[K/home/syafihidayat/Documents/robot_smoothing/src/purpuresuit_pkg/src/purpuresuit.cpp:19\x1b[m\x1b[K:\n'}
[4.025620] (purpuresuit_pkg) StderrLine: {'line': b'/opt/ros/humble/include/rclcpp/rclcpp/any_subscription_callback.hpp: In instantiation of \xe2\x80\x98\x1b[01m\x1b[Krclcpp::AnySubscriptionCallback<MessageT, AllocatorT> rclcpp::AnySubscriptionCallback<MessageT, AllocatorT>::set(CallbackT) [with CallbackT = std::_Bind<void (PurepursuitPathNode::*(PurepursuitPathNode*, std::_Placeholder<1>))(std::shared_ptr<geometry_msgs::msg::Point_<std::allocator<void> > >)>; MessageT = std_msgs::msg::Float32MultiArray_<std::allocator<void> >; AllocatorT = std::allocator<void>]\x1b[m\x1b[K\xe2\x80\x99:\n'}
[4.025680] (purpuresuit_pkg) StderrLine: {'line': b'\x1b[01m\x1b[K/opt/ros/humble/include/rclcpp/rclcpp/subscription_factory.hpp:94:32:\x1b[m\x1b[K   required from \xe2\x80\x98\x1b[01m\x1b[Krclcpp::SubscriptionFactory rclcpp::create_subscription_factory(CallbackT&&, const rclcpp::SubscriptionOptionsWithAllocator<AllocatorT>&, typename MessageMemoryStrategyT::SharedPtr, std::shared_ptr<rclcpp::topic_statistics::SubscriptionTopicStatistics<ROSMessageType> >) [with MessageT = std_msgs::msg::Float32MultiArray_<std::allocator<void> >; CallbackT = std::_Bind<void (PurepursuitPathNode::*(PurepursuitPathNode*, std::_Placeholder<1>))(std::shared_ptr<geometry_msgs::msg::Point_<std::allocator<void> > >)>; AllocatorT = std::allocator<void>; SubscriptionT = rclcpp::Subscription<std_msgs::msg::Float32MultiArray_<std::allocator<void> >, std::allocator<void>, std_msgs::msg::Float32MultiArray_<std::allocator<void> >, std_msgs::msg::Float32MultiArray_<std::allocator<void> >, rclcpp::message_memory_strategy::MessageMemoryStrategy<std_msgs::msg::Float32MultiArray_<std::allocator<void> >, std::allocator<void> > >; MessageMemoryStrategyT = rclcpp::message_memory_strategy::MessageMemoryStrategy<std_msgs::msg::Float32MultiArray_<std::allocator<void> >, std::allocator<void> >; ROSMessageType = std_msgs::msg::Float32MultiArray_<std::allocator<void> >; typename MessageMemoryStrategyT::SharedPtr = std::shared_ptr<rclcpp::message_memory_strategy::MessageMemoryStrategy<std_msgs::msg::Float32MultiArray_<std::allocator<void> >, std::allocator<void> > >]\x1b[m\x1b[K\xe2\x80\x99\n'}
[4.025742] (purpuresuit_pkg) StderrLine: {'line': b'\x1b[01m\x1b[K/opt/ros/humble/include/rclcpp/rclcpp/create_subscription.hpp:122:63:\x1b[m\x1b[K   required from \xe2\x80\x98\x1b[01m\x1b[Kstd::shared_ptr<ROSMessageT> rclcpp::detail::create_subscription(NodeParametersT&, NodeTopicsT&, const string&, const rclcpp::QoS&, CallbackT&&, const rclcpp::SubscriptionOptionsWithAllocator<AllocatorT>&, typename MessageMemoryStrategyT::SharedPtr) [with MessageT = std_msgs::msg::Float32MultiArray_<std::allocator<void> >; CallbackT = std::_Bind<void (PurepursuitPathNode::*(PurepursuitPathNode*, std::_Placeholder<1>))(std::shared_ptr<geometry_msgs::msg::Point_<std::allocator<void> > >)>; AllocatorT = std::allocator<void>; SubscriptionT = rclcpp::Subscription<std_msgs::msg::Float32MultiArray_<std::allocator<void> >, std::allocator<void>, std_msgs::msg::Float32MultiArray_<std::allocator<void> >, std_msgs::msg::Float32MultiArray_<std::allocator<void> >, rclcpp::message_memory_strategy::MessageMemoryStrategy<std_msgs::msg::Float32MultiArray_<std::allocator<void> >, std::allocator<void> > >; MessageMemoryStrategyT = rclcpp::message_memory_strategy::MessageMemoryStrategy<std_msgs::msg::Float32MultiArray_<std::allocator<void> >, std::allocator<void> >; NodeParametersT = rclcpp::Node; NodeTopicsT = rclcpp::Node; ROSMessageType = std_msgs::msg::Float32MultiArray_<std::allocator<void> >; std::string = std::__cxx11::basic_string<char>; typename MessageMemoryStrategyT::SharedPtr = std::shared_ptr<rclcpp::message_memory_strategy::MessageMemoryStrategy<std_msgs::msg::Float32MultiArray_<std::allocator<void> >, std::allocator<void> > >]\x1b[m\x1b[K\xe2\x80\x99\n'}
[4.025807] (purpuresuit_pkg) StderrLine: {'line': b'\x1b[01m\x1b[K/opt/ros/humble/include/rclcpp/rclcpp/create_subscription.hpp:191:76:\x1b[m\x1b[K   required from \xe2\x80\x98\x1b[01m\x1b[Kstd::shared_ptr<ROSMessageT> rclcpp::create_subscription(NodeT&, const string&, const rclcpp::QoS&, CallbackT&&, const rclcpp::SubscriptionOptionsWithAllocator<AllocatorT>&, typename MessageMemoryStrategyT::SharedPtr) [with MessageT = std_msgs::msg::Float32MultiArray_<std::allocator<void> >; CallbackT = std::_Bind<void (PurepursuitPathNode::*(PurepursuitPathNode*, std::_Placeholder<1>))(std::shared_ptr<geometry_msgs::msg::Point_<std::allocator<void> > >)>; AllocatorT = std::allocator<void>; SubscriptionT = rclcpp::Subscription<std_msgs::msg::Float32MultiArray_<std::allocator<void> >, std::allocator<void>, std_msgs::msg::Float32MultiArray_<std::allocator<void> >, std_msgs::msg::Float32MultiArray_<std::allocator<void> >, rclcpp::message_memory_strategy::MessageMemoryStrategy<std_msgs::msg::Float32MultiArray_<std::allocator<void> >, std::allocator<void> > >; MessageMemoryStrategyT = rclcpp::message_memory_strategy::MessageMemoryStrategy<std_msgs::msg::Float32MultiArray_<std::allocator<void> >, std::allocator<void> >; NodeT = rclcpp::Node; std::string = std::__cxx11::basic_string<char>; typename MessageMemoryStrategyT::SharedPtr = std::shared_ptr<rclcpp::message_memory_strategy::MessageMemoryStrategy<std_msgs::msg::Float32MultiArray_<std::allocator<void> >, std::allocator<void> > >]\x1b[m\x1b[K\xe2\x80\x99\n'}
[4.025868] (purpuresuit_pkg) StderrLine: {'line': b'\x1b[01m\x1b[K/opt/ros/humble/include/rclcpp/rclcpp/node_impl.hpp:99:47:\x1b[m\x1b[K   required from \xe2\x80\x98\x1b[01m\x1b[Kstd::shared_ptr<ROSMessageT> rclcpp::Node::create_subscription(const string&, const rclcpp::QoS&, CallbackT&&, const rclcpp::SubscriptionOptionsWithAllocator<AllocatorT>&, typename MessageMemoryStrategyT::SharedPtr) [with MessageT = std_msgs::msg::Float32MultiArray_<std::allocator<void> >; CallbackT = std::_Bind<void (PurepursuitPathNode::*(PurepursuitPathNode*, std::_Placeholder<1>))(std::shared_ptr<geometry_msgs::msg::Point_<std::allocator<void> > >)>; AllocatorT = std::allocator<void>; SubscriptionT = rclcpp::Subscription<std_msgs::msg::Float32MultiArray_<std::allocator<void> >, std::allocator<void>, std_msgs::msg::Float32MultiArray_<std::allocator<void> >, std_msgs::msg::Float32MultiArray_<std::allocator<void> >, rclcpp::message_memory_strategy::MessageMemoryStrategy<std_msgs::msg::Float32MultiArray_<std::allocator<void> >, std::allocator<void> > >; MessageMemoryStrategyT = rclcpp::message_memory_strategy::MessageMemoryStrategy<std_msgs::msg::Float32MultiArray_<std::allocator<void> >, std::allocator<void> >; std::string = std::__cxx11::basic_string<char>; typename MessageMemoryStrategyT::SharedPtr = std::shared_ptr<rclcpp::message_memory_strategy::MessageMemoryStrategy<std_msgs::msg::Float32MultiArray_<std::allocator<void> >, std::allocator<void> > >]\x1b[m\x1b[K\xe2\x80\x99\n'}
[4.025929] (purpuresuit_pkg) StderrLine: {'line': b'\x1b[01m\x1b[K/home/syafihidayat/Documents/robot_smoothing/src/purpuresuit_pkg/src/purpuresuit.cpp:38:79:\x1b[m\x1b[K   required from here\n'}
[4.025976] (purpuresuit_pkg) StderrLine: {'line': b'\x1b[01m\x1b[K/opt/ros/humble/include/rclcpp/rclcpp/any_subscription_callback.hpp:394:25:\x1b[m\x1b[K \x1b[01;31m\x1b[Kerror: \x1b[m\x1b[Kno match for \xe2\x80\x98\x1b[01m\x1b[Koperator=\x1b[m\x1b[K\xe2\x80\x99 (operand types are \xe2\x80\x98\x1b[01m\x1b[Krclcpp::detail::AnySubscriptionCallbackHelper<std_msgs::msg::Float32MultiArray_<std::allocator<void> >, std::allocator<void>, false>::variant_type\x1b[m\x1b[K\xe2\x80\x99 {aka \xe2\x80\x98\x1b[01m\x1b[Kstd::variant<std::function<void(const std_msgs::msg::Float32MultiArray_<std::allocator<void> >&)>, std::function<void(const std_msgs::msg::Float32MultiArray_<std::allocator<void> >&, const rclcpp::MessageInfo&)>, std::function<void(const rclcpp::SerializedMessage&)>, std::function<void(const rclcpp::SerializedMessage&, const rclcpp::MessageInfo&)>, std::function<void(std::unique_ptr<std_msgs::msg::Float32MultiArray_<std::allocator<void> >, std::default_delete<std_msgs::msg::Float32MultiArray_<std::allocator<void> > > >)>, std::function<void(std::unique_ptr<std_msgs::msg::Float32MultiArray_<std::allocator<void> >, std::default_delete<std_msgs::msg::Float32MultiArray_<std::allocator<void> > > >, const rclcpp::MessageInfo&)>, std::function<void(std::unique_ptr<rclcpp::SerializedMessage, std::default_delete<rclcpp::SerializedMessage> >)>, std::function<void(std::unique_ptr<rclcpp::SerializedMessage, std::default_delete<rclcpp::SerializedMessage> >, const rclcpp::MessageInfo&)>, std::function<void(std::shared_ptr<const std_msgs::msg::Float32MultiArray_<std::allocator<void> > >)>, std::function<void(std::shared_ptr<const std_msgs::msg::Float32MultiArray_<std::allocator<void> > >, const rclcpp::MessageInfo&)>, std::function<void(std::shared_ptr<const rclcpp::SerializedMessage>)>, std::function<void(std::shared_ptr<const rclcpp::SerializedMessage>, const rclcpp::MessageInfo&)>, std::function<void(const std::shared_ptr<const std_msgs::msg::Float32MultiArray_<std::allocator<void> > >&)>, std::function<void(const std::shared_ptr<const std_msgs::msg::Float32MultiArray_<std::allocator<void> > >&, const rclcpp::MessageInfo&)>, std::function<void(const std::shared_ptr<const rclcpp::SerializedMessage>&)>, std::function<void(const std::shared_ptr<const rclcpp::SerializedMessage>&, const rclcpp::MessageInfo&)>, std::function<void(std::shared_ptr<std_msgs::msg::Float32MultiArray_<std::allocator<void> > >)>, std::function<void(std::shared_ptr<std_msgs::msg::Float32MultiArray_<std::allocator<void> > >, const rclcpp::MessageInfo&)>, std::function<void(std::shared_ptr<rclcpp::SerializedMessage>)>, std::function<void(std::shared_ptr<rclcpp::SerializedMessage>, const rclcpp::MessageInfo&)> >\x1b[m\x1b[K\xe2\x80\x99} and \xe2\x80\x98\x1b[01m\x1b[Krclcpp::detail::SubscriptionCallbackTypeHelper<std_msgs::msg::Float32MultiArray_<std::allocator<void> >, std::_Bind<void (PurepursuitPathNode::*(PurepursuitPathNode*, std::_Placeholder<1>))(std::shared_ptr<geometry_msgs::msg::Point_<std::allocator<void> > >)>, void>::callback_type\x1b[m\x1b[K\xe2\x80\x99 {aka \xe2\x80\x98\x1b[01m\x1b[Kstd::function<void(std::shared_ptr<geometry_msgs::msg::Point_<std::allocator<void> > >)>\x1b[m\x1b[K\xe2\x80\x99})\n'}
[4.026057] (purpuresuit_pkg) StderrLine: {'line': b'  394 |       \x1b[01;31m\x1b[Kcallback_variant_ = static_cast<typename scbth::callback_type>(callback)\x1b[m\x1b[K;\n'}
[4.026105] (purpuresuit_pkg) StderrLine: {'line': b'      |       \x1b[01;31m\x1b[K~~~~~~~~~~~~~~~~~~^~~~~~~~~~~~~~~~~~~~~~~~~~~~~~~~~~~~~~~~~~~~~~~~~~~~~~\x1b[m\x1b[K\n'}
[4.026151] (purpuresuit_pkg) StderrLine: {'line': b'In file included from \x1b[01m\x1b[K/opt/ros/humble/include/rclcpp/rclcpp/client.hpp:28\x1b[m\x1b[K,\n'}
[4.026198] (purpuresuit_pkg) StderrLine: {'line': b'                 from \x1b[01m\x1b[K/opt/ros/humble/include/rclcpp/rclcpp/callback_group.hpp:24\x1b[m\x1b[K,\n'}
[4.026246] (purpuresuit_pkg) StderrLine: {'line': b'                 from \x1b[01m\x1b[K/opt/ros/humble/include/rclcpp/rclcpp/any_executable.hpp:20\x1b[m\x1b[K,\n'}
[4.026292] (purpuresuit_pkg) StderrLine: {'line': b'                 from \x1b[01m\x1b[K/opt/ros/humble/include/rclcpp/rclcpp/memory_strategy.hpp:25\x1b[m\x1b[K,\n'}
[4.026338] (purpuresuit_pkg) StderrLine: {'line': b'                 from \x1b[01m\x1b[K/opt/ros/humble/include/rclcpp/rclcpp/memory_strategies.hpp:18\x1b[m\x1b[K,\n'}
[4.026394] (purpuresuit_pkg) StderrLine: {'line': b'                 from \x1b[01m\x1b[K/opt/ros/humble/include/rclcpp/rclcpp/executor_options.hpp:20\x1b[m\x1b[K,\n'}
[4.026446] (purpuresuit_pkg) StderrLine: {'line': b'                 from \x1b[01m\x1b[K/opt/ros/humble/include/rclcpp/rclcpp/executor.hpp:37\x1b[m\x1b[K,\n'}
[4.026507] (purpuresuit_pkg) StderrLine: {'line': b'                 from \x1b[01m\x1b[K/opt/ros/humble/include/rclcpp/rclcpp/executors/multi_threaded_executor.hpp:25\x1b[m\x1b[K,\n'}
[4.026554] (purpuresuit_pkg) StderrLine: {'line': b'                 from \x1b[01m\x1b[K/opt/ros/humble/include/rclcpp/rclcpp/executors.hpp:21\x1b[m\x1b[K,\n'}
[4.026595] (purpuresuit_pkg) StderrLine: {'line': b'                 from \x1b[01m\x1b[K/opt/ros/humble/include/rclcpp/rclcpp/rclcpp.hpp:155\x1b[m\x1b[K,\n'}
[4.026637] (purpuresuit_pkg) StderrLine: {'line': b'                 from \x1b[01m\x1b[K/home/syafihidayat/Documents/robot_smoothing/src/purpuresuit_pkg/src/purpuresuit.cpp:19\x1b[m\x1b[K:\n'}
[4.026680] (purpuresuit_pkg) StderrLine: {'line': b'\x1b[01m\x1b[K/usr/include/c++/11/variant:1461:9:\x1b[m\x1b[K \x1b[01;36m\x1b[Knote: \x1b[m\x1b[Kcandidate: \xe2\x80\x98\x1b[01m\x1b[Ktemplate<class _Tp> std::enable_if_t<((__exactly_once<std::variant<_Types>::__accepted_type<_Tp&&, typename std::enable_if<__not_self<_Tp&&>, void>::type> > && is_constructible_v<std::variant<_Types>::__accepted_type<_Tp&&, typename std::enable_if<__not_self<_Tp&&>, void>::type>, _Tp>) && is_assignable_v<std::variant<_Types>::__accepted_type<_Tp&&, typename std::enable_if<__not_self<_Tp&&>, void>::type>&, _Tp>), std::variant<_Types>&> std::variant<_Types>::operator=(_Tp&&) [with _Tp = _Tp; _Types = {std::function<void(const std_msgs::msg::Float32MultiArray_<std::allocator<void> >&)>, std::function<void(const std_msgs::msg::Float32MultiArray_<std::allocator<void> >&, const rclcpp::MessageInfo&)>, std::function<void(const rclcpp::SerializedMessage&)>, std::function<void(const rclcpp::SerializedMessage&, const rclcpp::MessageInfo&)>, std::function<void(std::unique_ptr<std_msgs::msg::Float32MultiArray_<std::allocator<void> >, std::default_delete<std_msgs::msg::Float32MultiArray_<std::allocator<void> > > >)>, std::function<void(std::unique_ptr<std_msgs::msg::Float32MultiArray_<std::allocator<void> >, std::default_delete<std_msgs::msg::Float32MultiArray_<std::allocator<void> > > >, const rclcpp::MessageInfo&)>, std::function<void(std::unique_ptr<rclcpp::SerializedMessage, std::default_delete<rclcpp::SerializedMessage> >)>, std::function<void(std::unique_ptr<rclcpp::SerializedMessage, std::default_delete<rclcpp::SerializedMessage> >, const rclcpp::MessageInfo&)>, std::function<void(std::shared_ptr<const std_msgs::msg::Float32MultiArray_<std::allocator<void> > >)>, std::function<void(std::shared_ptr<const std_msgs::msg::Float32MultiArray_<std::allocator<void> > >, const rclcpp::MessageInfo&)>, std::function<void(std::shared_ptr<const rclcpp::SerializedMessage>)>, std::function<void(std::shared_ptr<const rclcpp::SerializedMessage>, const rclcpp::MessageInfo&)>, std::function<void(const std::shared_ptr<const std_msgs::msg::Float32MultiArray_<std::allocator<void> > >&)>, std::function<void(const std::shared_ptr<const std_msgs::msg::Float32MultiArray_<std::allocator<void> > >&, const rclcpp::MessageInfo&)>, std::function<void(const std::shared_ptr<const rclcpp::SerializedMessage>&)>, std::function<void(const std::shared_ptr<const rclcpp::SerializedMessage>&, const rclcpp::MessageInfo&)>, std::function<void(std::shared_ptr<std_msgs::msg::Float32MultiArray_<std::allocator<void> > >)>, std::function<void(std::shared_ptr<std_msgs::msg::Float32MultiArray_<std::allocator<void> > >, const rclcpp::MessageInfo&)>, std::function<void(std::shared_ptr<rclcpp::SerializedMessage>)>, std::function<void(std::shared_ptr<rclcpp::SerializedMessage>, const rclcpp::MessageInfo&)>}]\x1b[m\x1b[K\xe2\x80\x99\n'}
[4.026766] (purpuresuit_pkg) StderrLine: {'line': b' 1461 |         \x1b[01;36m\x1b[Koperator\x1b[m\x1b[K=(_Tp&& __rhs)\n'}
[4.026818] (purpuresuit_pkg) StderrLine: {'line': b'      |         \x1b[01;36m\x1b[K^~~~~~~~\x1b[m\x1b[K\n'}
[4.026861] (purpuresuit_pkg) StderrLine: {'line': b'\x1b[01m\x1b[K/usr/include/c++/11/variant:1461:9:\x1b[m\x1b[K \x1b[01;36m\x1b[Knote: \x1b[m\x1b[K  template argument deduction/substitution failed:\n'}
[4.026908] (purpuresuit_pkg) StderrLine: {'line': b'/usr/include/c++/11/variant: In substitution of \xe2\x80\x98\x1b[01m\x1b[Ktemplate<class ... _Types> template<class _Tp, class> using __accepted_type = std::variant<_Types>::__to_type<__accepted_index<_Tp> > [with _Tp = std::function<void(std::shared_ptr<geometry_msgs::msg::Point_<std::allocator<void> > >)>&&; <template-parameter-2-2> = void; _Types = {std::function<void(const std_msgs::msg::Float32MultiArray_<std::allocator<void> >&)>, std::function<void(const std_msgs::msg::Float32MultiArray_<std::allocator<void> >&, const rclcpp::MessageInfo&)>, std::function<void(const rclcpp::SerializedMessage&)>, std::function<void(const rclcpp::SerializedMessage&, const rclcpp::MessageInfo&)>, std::function<void(std::unique_ptr<std_msgs::msg::Float32MultiArray_<std::allocator<void> >, std::default_delete<std_msgs::msg::Float32MultiArray_<std::allocator<void> > > >)>, std::function<void(std::unique_ptr<std_msgs::msg::Float32MultiArray_<std::allocator<void> >, std::default_delete<std_msgs::msg::Float32MultiArray_<std::allocator<void> > > >, const rclcpp::MessageInfo&)>, std::function<void(std::unique_ptr<rclcpp::SerializedMessage, std::default_delete<rclcpp::SerializedMessage> >)>, std::function<void(std::unique_ptr<rclcpp::SerializedMessage, std::default_delete<rclcpp::SerializedMessage> >, const rclcpp::MessageInfo&)>, std::function<void(std::shared_ptr<const std_msgs::msg::Float32MultiArray_<std::allocator<void> > >)>, std::function<void(std::shared_ptr<const std_msgs::msg::Float32MultiArray_<std::allocator<void> > >, const rclcpp::MessageInfo&)>, std::function<void(std::shared_ptr<const rclcpp::SerializedMessage>)>, std::function<void(std::shared_ptr<const rclcpp::SerializedMessage>, const rclcpp::MessageInfo&)>, std::function<void(const std::shared_ptr<const std_msgs::msg::Float32MultiArray_<std::allocator<void> > >&)>, std::function<void(const std::shared_ptr<const std_msgs::msg::Float32MultiArray_<std::allocator<void> > >&, const rclcpp::MessageInfo&)>, std::function<void(const std::shared_ptr<const rclcpp::SerializedMessage>&)>, std::function<void(const std::shared_ptr<const rclcpp::SerializedMessage>&, const rclcpp::MessageInfo&)>, std::function<void(std::shared_ptr<std_msgs::msg::Float32MultiArray_<std::allocator<void> > >)>, std::function<void(std::shared_ptr<std_msgs::msg::Float32MultiArray_<std::allocator<void> > >, const rclcpp::MessageInfo&)>, std::function<void(std::shared_ptr<rclcpp::SerializedMessage>)>, std::function<void(std::shared_ptr<rclcpp::SerializedMessage>, const rclcpp::MessageInfo&)>}]\x1b[m\x1b[K\xe2\x80\x99:\n'}
[4.026985] (purpuresuit_pkg) StderrLine: {'line': b'\x1b[01m\x1b[K/usr/include/c++/11/variant:1457:14:\x1b[m\x1b[K   required by substitution of \xe2\x80\x98\x1b[01m\x1b[Ktemplate<class _Tp> std::enable_if_t<((__exactly_once<std::variant<std::function<void(const std_msgs::msg::Float32MultiArray_<std::allocator<void> >&)>, std::function<void(const std_msgs::msg::Float32MultiArray_<std::allocator<void> >&, const rclcpp::MessageInfo&)>, std::function<void(const rclcpp::SerializedMessage&)>, std::function<void(const rclcpp::SerializedMessage&, const rclcpp::MessageInfo&)>, std::function<void(std::unique_ptr<std_msgs::msg::Float32MultiArray_<std::allocator<void> >, std::default_delete<std_msgs::msg::Float32MultiArray_<std::allocator<void> > > >)>, std::function<void(std::unique_ptr<std_msgs::msg::Float32MultiArray_<std::allocator<void> >, std::default_delete<std_msgs::msg::Float32MultiArray_<std::allocator<void> > > >, const rclcpp::MessageInfo&)>, std::function<void(std::unique_ptr<rclcpp::SerializedMessage, std::default_delete<rclcpp::SerializedMessage> >)>, std::function<void(std::unique_ptr<rclcpp::SerializedMessage, std::default_delete<rclcpp::SerializedMessage> >, const rclcpp::MessageInfo&)>, std::function<void(std::shared_ptr<const std_msgs::msg::Float32MultiArray_<std::allocator<void> > >)>, std::function<void(std::shared_ptr<const std_msgs::msg::Float32MultiArray_<std::allocator<void> > >, const rclcpp::MessageInfo&)>, std::function<void(std::shared_ptr<const rclcpp::SerializedMessage>)>, std::function<void(std::shared_ptr<const rclcpp::SerializedMessage>, const rclcpp::MessageInfo&)>, std::function<void(const std::shared_ptr<const std_msgs::msg::Float32MultiArray_<std::allocator<void> > >&)>, std::function<void(const std::shared_ptr<const std_msgs::msg::Float32MultiArray_<std::allocator<void> > >&, const rclcpp::MessageInfo&)>, std::function<void(const std::shared_ptr<const rclcpp::SerializedMessage>&)>, std::function<void(const std::shared_ptr<const rclcpp::SerializedMessage>&, const rclcpp::MessageInfo&)>, std::function<void(std::shared_ptr<std_msgs::msg::Float32MultiArray_<std::allocator<void> > >)>, std::function<void(std::shared_ptr<std_msgs::msg::Float32MultiArray_<std::allocator<void> > >, const rclcpp::MessageInfo&)>, std::function<void(std::shared_ptr<rclcpp::SerializedMessage>)>, std::function<void(std::shared_ptr<rclcpp::SerializedMessage>, const rclcpp::MessageInfo&)> >::__accepted_type<_Tp&&, typename std::enable_if<__not_self<_Tp&&>, void>::type> > && is_constructible_v<std::variant<std::function<void(const std_msgs::msg::Float32MultiArray_<std::allocator<void> >&)>, std::function<void(const std_msgs::msg::Float32MultiArray_<std::allocator<void> >&, const rclcpp::MessageInfo&)>, std::function<void(const rclcpp::SerializedMessage&)>, std::function<void(const rclcpp::SerializedMessage&, const rclcpp::MessageInfo&)>, std::function<void(std::unique_ptr<std_msgs::msg::Float32MultiArray_<std::allocator<void> >, std::default_delete<std_msgs::msg::Float32MultiArray_<std::allocator<void> > > >)>, std::function<void(std::unique_ptr<std_msgs::msg::Float32MultiArray_<std::allocator<void> >, std::default_delete<std_msgs::msg::Float32MultiArray_<std::allocator<void> > > >, const rclcpp::MessageInfo&)>, std::function<void(std::unique_ptr<rclcpp::SerializedMessage, std::default_delete<rclcpp::SerializedMessage> >)>, std::function<void(std::unique_ptr<rclcpp::SerializedMessage, std::default_delete<rclcpp::SerializedMessage> >, const rclcpp::MessageInfo&)>, std::function<void(std::shared_ptr<const std_msgs::msg::Float32MultiArray_<std::allocator<void> > >)>, std::function<void(std::shared_ptr<const std_msgs::msg::Float32MultiArray_<std::allocator<void> > >, const rclcpp::MessageInfo&)>, std::function<void(std::shared_ptr<const rclcpp::SerializedMessage>)>, std::function<void(std::shared_ptr<const rclcpp::SerializedMessage>, const rclcpp::MessageInfo&)>, std::function<void(const std::shared_ptr<const std_msgs::msg::Float32MultiArray_<std::allocator<void> > >&)>, std::function<void(const std::shared_ptr<const std_msgs::msg::Float32MultiArray_<std::allocator<void> > >&, const rclcpp::MessageInfo&)>, std::function<void(const std::shared_ptr<const rclcpp::SerializedMessage>&)>, std::function<void(const std::shared_ptr<const rclcpp::SerializedMessage>&, const rclcpp::MessageInfo&)>, std::function<void(std::shared_ptr<std_msgs::msg::Float32MultiArray_<std::allocator<void> > >)>, std::function<void(std::shared_ptr<std_msgs::msg::Float32MultiArray_<std::allocator<void> > >, const rclcpp::MessageInfo&)>, std::function<void(std::shared_ptr<rclcpp::SerializedMessage>)>, std::function<void(std::shared_ptr<rclcpp::SerializedMessage>, const rclcpp::MessageInfo&)> >::__accepted_type<_Tp&&, typename std::enable_if<__not_self<_Tp&&>, void>::type>, _Tp>) && is_assignable_v<std::variant<std::function<void(const std_msgs::msg::Float32MultiArray_<std::allocator<void> >&)>, std::function<void(const std_msgs::msg::Float32MultiArray_<std::allocator<void> >&, const rclcpp::MessageInfo&)>, std::function<void(const rclcpp::SerializedMessage&)>, std::function<void(const rclcpp::SerializedMessage&, const rclcpp::MessageInfo&)>, std::function<void(std::unique_ptr<std_msgs::msg::Float32MultiArray_<std::allocator<void> >, std::default_delete<std_msgs::msg::Float32MultiArray_<std::allocator<void> > > >)>, std::function<void(std::unique_ptr<std_msgs::msg::Float32MultiArray_<std::allocator<void> >, std::default_delete<std_msgs::msg::Float32MultiArray_<std::allocator<void> > > >, const rclcpp::MessageInfo&)>, std::function<void(std::unique_ptr<rclcpp::SerializedMessage, std::default_delete<rclcpp::SerializedMessage> >)>, std::function<void(std::unique_ptr<rclcpp::SerializedMessage, std::default_delete<rclcpp::SerializedMessage> >, const rclcpp::MessageInfo&)>, std::function<void(std::shared_ptr<const std_msgs::msg::Float32MultiArray_<std::allocator<void> > >)>, std::function<void(std::shared_ptr<const std_msgs::msg::Float32MultiArray_<std::allocator<void> > >, const rclcpp::MessageInfo&)>, std::function<void(std::shared_ptr<const rclcpp::SerializedMessage>)>, std::function<void(std::shared_ptr<const rclcpp::SerializedMessage>, const rclcpp::MessageInfo&)>, std::function<void(const std::shared_ptr<const std_msgs::msg::Float32MultiArray_<std::allocator<void> > >&)>, std::function<void(const std::shared_ptr<const std_msgs::msg::Float32MultiArray_<std::allocator<void> > >&, const rclcpp::MessageInfo&)>, std::function<void(const std::shared_ptr<const rclcpp::SerializedMessage>&)>, std::function<void(const std::shared_ptr<const rclcpp::SerializedMessage>&, const rclcpp::MessageInfo&)>, std::function<void(std::shared_ptr<std_msgs::msg::Float32MultiArray_<std::allocator<void> > >)>, std::function<void(std::shared_ptr<std_msgs::msg::Float32MultiArray_<std::allocator<void> > >, const rclcpp::MessageInfo&)>, std::function<void(std::shared_ptr<rclcpp::SerializedMessage>)>, std::function<void(std::shared_ptr<rclcpp::SerializedMessage>, const rclcpp::MessageInfo&)> >::__accepted_type<_Tp&&, typename std::enable_if<__not_self<_Tp&&>, void>::type>&, _Tp>), std::variant<std::function<void(const std_msgs::msg::Float32MultiArray_<std::allocator<void> >&)>, std::function<void(const std_msgs::msg::Float32MultiArray_<std::allocator<void> >&, const rclcpp::MessageInfo&)>, std::function<void(const rclcpp::SerializedMessage&)>, std::function<void(const rclcpp::SerializedMessage&, const rclcpp::MessageInfo&)>, std::function<void(std::unique_ptr<std_msgs::msg::Float32MultiArray_<std::allocator<void> >, std::default_delete<std_msgs::msg::Float32MultiArray_<std::allocator<void> > > >)>, std::function<void(std::unique_ptr<std_msgs::msg::Float32MultiArray_<std::allocator<void> >, std::default_delete<std_msgs::msg::Float32MultiArray_<std::allocator<void> > > >, const rclcpp::MessageInfo&)>, std::function<void(std::unique_ptr<rclcpp::SerializedMessage, std::default_delete<rclcpp::SerializedMessage> >)>, std::function<void(std::unique_ptr<rclcpp::SerializedMessage, std::default_delete<rclcpp::SerializedMessage> >, const rclcpp::MessageInfo&)>, std::function<void(std::shared_ptr<const std_msgs::msg::Float32MultiArray_<std::allocator<void> > >)>, std::function<void(std::shared_ptr<const std_msgs::msg::Float32MultiArray_<std::allocator<void> > >, const rclcpp::MessageInfo&)>, std::function<void(std::shared_ptr<const rclcpp::SerializedMessage>)>, std::function<void(std::shared_ptr<const rclcpp::SerializedMessage>, const rclcpp::MessageInfo&)>, std::function<void(const std::shared_ptr<const std_msgs::msg::Float32MultiArray_<std::allocator<void> > >&)>, std::function<void(const std::shared_ptr<const std_msgs::msg::Float32MultiArray_<std::allocator<void> > >&, const rclcpp::MessageInfo&)>, std::function<void(const std::shared_ptr<const rclcpp::SerializedMessage>&)>, std::function<void(const std::shared_ptr<const rclcpp::SerializedMessage>&, const rclcpp::MessageInfo&)>, std::function<void(std::shared_ptr<std_msgs::msg::Float32MultiArray_<std::allocator<void> > >)>, std::function<void(std::shared_ptr<std_msgs::msg::Float32MultiArray_<std::allocator<void> > >, const rclcpp::MessageInfo&)>, std::function<void(std::shared_ptr<rclcpp::SerializedMessage>)>, std::function<void(std::shared_ptr<rclcpp::SerializedMessage>, const rclcpp::MessageInfo&)> >&> std::variant<std::function<void(const std_msgs::msg::Float32MultiArray_<std::allocator<void> >&)>, std::function<void(const std_msgs::msg::Float32MultiArray_<std::allocator<void> >&, const rclcpp::MessageInfo&)>, std::function<void(const rclcpp::SerializedMessage&)>, std::function<void(const rclcpp::SerializedMessage&, const rclcpp::MessageInfo&)>, std::function<void(std::unique_ptr<std_msgs::msg::Float32MultiArray_<std::allocator<void> >, std::default_delete<std_msgs::msg::Float32MultiArray_<std::allocator<void> > > >)>, std::function<void(std::unique_ptr<std_msgs::msg::Float32MultiArray_<std::allocator<void> >, std::default_delete<std_msgs::msg::Float32MultiArray_<std::allocator<void> > > >, const rclcpp::MessageInfo&)>, std::function<void(std::unique_ptr<rclcpp::SerializedMessage, std::default_delete<rclcpp::SerializedMessage> >)>, std::function<void(std::unique_ptr<rclcpp::SerializedMessage, std::default_delete<rclcpp::SerializedMessage> >, const rclcpp::MessageInfo&)>, std::function<void(std::shared_ptr<const std_msgs::msg::Float32MultiArray_<std::allocator<void> > >)>, std::function<void(std::shared_ptr<const std_msgs::msg::Float32MultiArray_<std::allocator<void> > >, const rclcpp::MessageInfo&)>, std::function<void(std::shared_ptr<const rclcpp::SerializedMessage>)>, std::function<void(std::shared_ptr<const rclcpp::SerializedMessage>, const rclcpp::MessageInfo&)>, std::function<void(const std::shared_ptr<const std_msgs::msg::Float32MultiArray_<std::allocator<void> > >&)>, std::function<void(const std::shared_ptr<const std_msgs::msg::Float32MultiArray_<std::allocator<void> > >&, const rclcpp::MessageInfo&)>, std::function<void(const std::shared_ptr<const rclcpp::SerializedMessage>&)>, std::function<void(const std::shared_ptr<const rclcpp::SerializedMessage>&, const rclcpp::MessageInfo&)>, std::function<void(std::shared_ptr<std_msgs::msg::Float32MultiArray_<std::allocator<void> > >)>, std::function<void(std::shared_ptr<std_msgs::msg::Float32MultiArray_<std::allocator<void> > >, const rclcpp::MessageInfo&)>, std::function<void(std::shared_ptr<rclcpp::SerializedMessage>)>, std::function<void(std::shared_ptr<rclcpp::SerializedMessage>, const rclcpp::MessageInfo&)> >::operator=<_Tp>(_Tp&&) [with _Tp = std::function<void(std::shared_ptr<geometry_msgs::msg::Point_<std::allocator<void> > >)>]\x1b[m\x1b[K\xe2\x80\x99\n'}
[4.027166] (purpuresuit_pkg) StderrLine: {'line': b'\x1b[01m\x1b[K/opt/ros/humble/include/rclcpp/rclcpp/any_subscription_callback.hpp:394:25:\x1b[m\x1b[K   required from \xe2\x80\x98\x1b[01m\x1b[Krclcpp::AnySubscriptionCallback<MessageT, AllocatorT> rclcpp::AnySubscriptionCallback<MessageT, AllocatorT>::set(CallbackT) [with CallbackT = std::_Bind<void (PurepursuitPathNode::*(PurepursuitPathNode*, std::_Placeholder<1>))(std::shared_ptr<geometry_msgs::msg::Point_<std::allocator<void> > >)>; MessageT = std_msgs::msg::Float32MultiArray_<std::allocator<void> >; AllocatorT = std::allocator<void>]\x1b[m\x1b[K\xe2\x80\x99\n'}
[4.027226] (purpuresuit_pkg) StderrLine: {'line': b'\x1b[01m\x1b[K/opt/ros/humble/include/rclcpp/rclcpp/subscription_factory.hpp:94:32:\x1b[m\x1b[K   required from \xe2\x80\x98\x1b[01m\x1b[Krclcpp::SubscriptionFactory rclcpp::create_subscription_factory(CallbackT&&, const rclcpp::SubscriptionOptionsWithAllocator<AllocatorT>&, typename MessageMemoryStrategyT::SharedPtr, std::shared_ptr<rclcpp::topic_statistics::SubscriptionTopicStatistics<ROSMessageType> >) [with MessageT = std_msgs::msg::Float32MultiArray_<std::allocator<void> >; CallbackT = std::_Bind<void (PurepursuitPathNode::*(PurepursuitPathNode*, std::_Placeholder<1>))(std::shared_ptr<geometry_msgs::msg::Point_<std::allocator<void> > >)>; AllocatorT = std::allocator<void>; SubscriptionT = rclcpp::Subscription<std_msgs::msg::Float32MultiArray_<std::allocator<void> >, std::allocator<void>, std_msgs::msg::Float32MultiArray_<std::allocator<void> >, std_msgs::msg::Float32MultiArray_<std::allocator<void> >, rclcpp::message_memory_strategy::MessageMemoryStrategy<std_msgs::msg::Float32MultiArray_<std::allocator<void> >, std::allocator<void> > >; MessageMemoryStrategyT = rclcpp::message_memory_strategy::MessageMemoryStrategy<std_msgs::msg::Float32MultiArray_<std::allocator<void> >, std::allocator<void> >; ROSMessageType = std_msgs::msg::Float32MultiArray_<std::allocator<void> >; typename MessageMemoryStrategyT::SharedPtr = std::shared_ptr<rclcpp::message_memory_strategy::MessageMemoryStrategy<std_msgs::msg::Float32MultiArray_<std::allocator<void> >, std::allocator<void> > >]\x1b[m\x1b[K\xe2\x80\x99\n'}
[4.027293] (purpuresuit_pkg) StderrLine: {'line': b'\x1b[01m\x1b[K/opt/ros/humble/include/rclcpp/rclcpp/create_subscription.hpp:122:63:\x1b[m\x1b[K   required from \xe2\x80\x98\x1b[01m\x1b[Kstd::shared_ptr<ROSMessageT> rclcpp::detail::create_subscription(NodeParametersT&, NodeTopicsT&, const string&, const rclcpp::QoS&, CallbackT&&, const rclcpp::SubscriptionOptionsWithAllocator<AllocatorT>&, typename MessageMemoryStrategyT::SharedPtr) [with MessageT = std_msgs::msg::Float32MultiArray_<std::allocator<void> >; CallbackT = std::_Bind<void (PurepursuitPathNode::*(PurepursuitPathNode*, std::_Placeholder<1>))(std::shared_ptr<geometry_msgs::msg::Point_<std::allocator<void> > >)>; AllocatorT = std::allocator<void>; SubscriptionT = rclcpp::Subscription<std_msgs::msg::Float32MultiArray_<std::allocator<void> >, std::allocator<void>, std_msgs::msg::Float32MultiArray_<std::allocator<void> >, std_msgs::msg::Float32MultiArray_<std::allocator<void> >, rclcpp::message_memory_strategy::MessageMemoryStrategy<std_msgs::msg::Float32MultiArray_<std::allocator<void> >, std::allocator<void> > >; MessageMemoryStrategyT = rclcpp::message_memory_strategy::MessageMemoryStrategy<std_msgs::msg::Float32MultiArray_<std::allocator<void> >, std::allocator<void> >; NodeParametersT = rclcpp::Node; NodeTopicsT = rclcpp::Node; ROSMessageType = std_msgs::msg::Float32MultiArray_<std::allocator<void> >; std::string = std::__cxx11::basic_string<char>; typename MessageMemoryStrategyT::SharedPtr = std::shared_ptr<rclcpp::message_memory_strategy::MessageMemoryStrategy<std_msgs::msg::Float32MultiArray_<std::allocator<void> >, std::allocator<void> > >]\x1b[m\x1b[K\xe2\x80\x99\n'}
[4.027351] (purpuresuit_pkg) StderrLine: {'line': b'\x1b[01m\x1b[K/opt/ros/humble/include/rclcpp/rclcpp/create_subscription.hpp:191:76:\x1b[m\x1b[K   required from \xe2\x80\x98\x1b[01m\x1b[Kstd::shared_ptr<ROSMessageT> rclcpp::create_subscription(NodeT&, const string&, const rclcpp::QoS&, CallbackT&&, const rclcpp::SubscriptionOptionsWithAllocator<AllocatorT>&, typename MessageMemoryStrategyT::SharedPtr) [with MessageT = std_msgs::msg::Float32MultiArray_<std::allocator<void> >; CallbackT = std::_Bind<void (PurepursuitPathNode::*(PurepursuitPathNode*, std::_Placeholder<1>))(std::shared_ptr<geometry_msgs::msg::Point_<std::allocator<void> > >)>; AllocatorT = std::allocator<void>; SubscriptionT = rclcpp::Subscription<std_msgs::msg::Float32MultiArray_<std::allocator<void> >, std::allocator<void>, std_msgs::msg::Float32MultiArray_<std::allocator<void> >, std_msgs::msg::Float32MultiArray_<std::allocator<void> >, rclcpp::message_memory_strategy::MessageMemoryStrategy<std_msgs::msg::Float32MultiArray_<std::allocator<void> >, std::allocator<void> > >; MessageMemoryStrategyT = rclcpp::message_memory_strategy::MessageMemoryStrategy<std_msgs::msg::Float32MultiArray_<std::allocator<void> >, std::allocator<void> >; NodeT = rclcpp::Node; std::string = std::__cxx11::basic_string<char>; typename MessageMemoryStrategyT::SharedPtr = std::shared_ptr<rclcpp::message_memory_strategy::MessageMemoryStrategy<std_msgs::msg::Float32MultiArray_<std::allocator<void> >, std::allocator<void> > >]\x1b[m\x1b[K\xe2\x80\x99\n'}
[4.027414] (purpuresuit_pkg) StderrLine: {'line': b'\x1b[01m\x1b[K/opt/ros/humble/include/rclcpp/rclcpp/node_impl.hpp:99:47:\x1b[m\x1b[K   required from \xe2\x80\x98\x1b[01m\x1b[Kstd::shared_ptr<ROSMessageT> rclcpp::Node::create_subscription(const string&, const rclcpp::QoS&, CallbackT&&, const rclcpp::SubscriptionOptionsWithAllocator<AllocatorT>&, typename MessageMemoryStrategyT::SharedPtr) [with MessageT = std_msgs::msg::Float32MultiArray_<std::allocator<void> >; CallbackT = std::_Bind<void (PurepursuitPathNode::*(PurepursuitPathNode*, std::_Placeholder<1>))(std::shared_ptr<geometry_msgs::msg::Point_<std::allocator<void> > >)>; AllocatorT = std::allocator<void>; SubscriptionT = rclcpp::Subscription<std_msgs::msg::Float32MultiArray_<std::allocator<void> >, std::allocator<void>, std_msgs::msg::Float32MultiArray_<std::allocator<void> >, std_msgs::msg::Float32MultiArray_<std::allocator<void> >, rclcpp::message_memory_strategy::MessageMemoryStrategy<std_msgs::msg::Float32MultiArray_<std::allocator<void> >, std::allocator<void> > >; MessageMemoryStrategyT = rclcpp::message_memory_strategy::MessageMemoryStrategy<std_msgs::msg::Float32MultiArray_<std::allocator<void> >, std::allocator<void> >; std::string = std::__cxx11::basic_string<char>; typename MessageMemoryStrategyT::SharedPtr = std::shared_ptr<rclcpp::message_memory_strategy::MessageMemoryStrategy<std_msgs::msg::Float32MultiArray_<std::allocator<void> >, std::allocator<void> > >]\x1b[m\x1b[K\xe2\x80\x99\n'}
[4.027481] (purpuresuit_pkg) StderrLine: {'line': b'\x1b[01m\x1b[K/home/syafihidayat/Documents/robot_smoothing/src/purpuresuit_pkg/src/purpuresuit.cpp:38:79:\x1b[m\x1b[K   required from here\n'}
[4.027540] (purpuresuit_pkg) StderrLine: {'line': b'\x1b[01m\x1b[K/usr/include/c++/11/variant:1375:15:\x1b[m\x1b[K \x1b[01;31m\x1b[Kerror: \x1b[m\x1b[Kno type named \xe2\x80\x98\x1b[01m\x1b[Ktype\x1b[m\x1b[K\xe2\x80\x99 in \xe2\x80\x98\x1b[01m\x1b[Kstruct std::enable_if<false, void>\x1b[m\x1b[K\xe2\x80\x99\n'}
[4.027588] (purpuresuit_pkg) StderrLine: {'line': b' 1375 |         using \x1b[01;31m\x1b[K__accepted_type\x1b[m\x1b[K = __to_type<__accepted_index<_Tp>>;\n'}
[4.027629] (purpuresuit_pkg) StderrLine: {'line': b'      |               \x1b[01;31m\x1b[K^~~~~~~~~~~~~~~\x1b[m\x1b[K\n'}
[4.027670] (purpuresuit_pkg) StderrLine: {'line': b'/opt/ros/humble/include/rclcpp/rclcpp/any_subscription_callback.hpp: In instantiation of \xe2\x80\x98\x1b[01m\x1b[Krclcpp::AnySubscriptionCallback<MessageT, AllocatorT> rclcpp::AnySubscriptionCallback<MessageT, AllocatorT>::set(CallbackT) [with CallbackT = std::_Bind<void (PurepursuitPathNode::*(PurepursuitPathNode*, std::_Placeholder<1>))(std::shared_ptr<geometry_msgs::msg::Point_<std::allocator<void> > >)>; MessageT = std_msgs::msg::Float32MultiArray_<std::allocator<void> >; AllocatorT = std::allocator<void>]\x1b[m\x1b[K\xe2\x80\x99:\n'}
[4.027721] (purpuresuit_pkg) StderrLine: {'line': b'\x1b[01m\x1b[K/opt/ros/humble/include/rclcpp/rclcpp/subscription_factory.hpp:94:32:\x1b[m\x1b[K   required from \xe2\x80\x98\x1b[01m\x1b[Krclcpp::SubscriptionFactory rclcpp::create_subscription_factory(CallbackT&&, const rclcpp::SubscriptionOptionsWithAllocator<AllocatorT>&, typename MessageMemoryStrategyT::SharedPtr, std::shared_ptr<rclcpp::topic_statistics::SubscriptionTopicStatistics<ROSMessageType> >) [with MessageT = std_msgs::msg::Float32MultiArray_<std::allocator<void> >; CallbackT = std::_Bind<void (PurepursuitPathNode::*(PurepursuitPathNode*, std::_Placeholder<1>))(std::shared_ptr<geometry_msgs::msg::Point_<std::allocator<void> > >)>; AllocatorT = std::allocator<void>; SubscriptionT = rclcpp::Subscription<std_msgs::msg::Float32MultiArray_<std::allocator<void> >, std::allocator<void>, std_msgs::msg::Float32MultiArray_<std::allocator<void> >, std_msgs::msg::Float32MultiArray_<std::allocator<void> >, rclcpp::message_memory_strategy::MessageMemoryStrategy<std_msgs::msg::Float32MultiArray_<std::allocator<void> >, std::allocator<void> > >; MessageMemoryStrategyT = rclcpp::message_memory_strategy::MessageMemoryStrategy<std_msgs::msg::Float32MultiArray_<std::allocator<void> >, std::allocator<void> >; ROSMessageType = std_msgs::msg::Float32MultiArray_<std::allocator<void> >; typename MessageMemoryStrategyT::SharedPtr = std::shared_ptr<rclcpp::message_memory_strategy::MessageMemoryStrategy<std_msgs::msg::Float32MultiArray_<std::allocator<void> >, std::allocator<void> > >]\x1b[m\x1b[K\xe2\x80\x99\n'}
[4.027773] (purpuresuit_pkg) StderrLine: {'line': b'\x1b[01m\x1b[K/opt/ros/humble/include/rclcpp/rclcpp/create_subscription.hpp:122:63:\x1b[m\x1b[K   required from \xe2\x80\x98\x1b[01m\x1b[Kstd::shared_ptr<ROSMessageT> rclcpp::detail::create_subscription(NodeParametersT&, NodeTopicsT&, const string&, const rclcpp::QoS&, CallbackT&&, const rclcpp::SubscriptionOptionsWithAllocator<AllocatorT>&, typename MessageMemoryStrategyT::SharedPtr) [with MessageT = std_msgs::msg::Float32MultiArray_<std::allocator<void> >; CallbackT = std::_Bind<void (PurepursuitPathNode::*(PurepursuitPathNode*, std::_Placeholder<1>))(std::shared_ptr<geometry_msgs::msg::Point_<std::allocator<void> > >)>; AllocatorT = std::allocator<void>; SubscriptionT = rclcpp::Subscription<std_msgs::msg::Float32MultiArray_<std::allocator<void> >, std::allocator<void>, std_msgs::msg::Float32MultiArray_<std::allocator<void> >, std_msgs::msg::Float32MultiArray_<std::allocator<void> >, rclcpp::message_memory_strategy::MessageMemoryStrategy<std_msgs::msg::Float32MultiArray_<std::allocator<void> >, std::allocator<void> > >; MessageMemoryStrategyT = rclcpp::message_memory_strategy::MessageMemoryStrategy<std_msgs::msg::Float32MultiArray_<std::allocator<void> >, std::allocator<void> >; NodeParametersT = rclcpp::Node; NodeTopicsT = rclcpp::Node; ROSMessageType = std_msgs::msg::Float32MultiArray_<std::allocator<void> >; std::string = std::__cxx11::basic_string<char>; typename MessageMemoryStrategyT::SharedPtr = std::shared_ptr<rclcpp::message_memory_strategy::MessageMemoryStrategy<std_msgs::msg::Float32MultiArray_<std::allocator<void> >, std::allocator<void> > >]\x1b[m\x1b[K\xe2\x80\x99\n'}
[4.027830] (purpuresuit_pkg) StderrLine: {'line': b'\x1b[01m\x1b[K/opt/ros/humble/include/rclcpp/rclcpp/create_subscription.hpp:191:76:\x1b[m\x1b[K   required from \xe2\x80\x98\x1b[01m\x1b[Kstd::shared_ptr<ROSMessageT> rclcpp::create_subscription(NodeT&, const string&, const rclcpp::QoS&, CallbackT&&, const rclcpp::SubscriptionOptionsWithAllocator<AllocatorT>&, typename MessageMemoryStrategyT::SharedPtr) [with MessageT = std_msgs::msg::Float32MultiArray_<std::allocator<void> >; CallbackT = std::_Bind<void (PurepursuitPathNode::*(PurepursuitPathNode*, std::_Placeholder<1>))(std::shared_ptr<geometry_msgs::msg::Point_<std::allocator<void> > >)>; AllocatorT = std::allocator<void>; SubscriptionT = rclcpp::Subscription<std_msgs::msg::Float32MultiArray_<std::allocator<void> >, std::allocator<void>, std_msgs::msg::Float32MultiArray_<std::allocator<void> >, std_msgs::msg::Float32MultiArray_<std::allocator<void> >, rclcpp::message_memory_strategy::MessageMemoryStrategy<std_msgs::msg::Float32MultiArray_<std::allocator<void> >, std::allocator<void> > >; MessageMemoryStrategyT = rclcpp::message_memory_strategy::MessageMemoryStrategy<std_msgs::msg::Float32MultiArray_<std::allocator<void> >, std::allocator<void> >; NodeT = rclcpp::Node; std::string = std::__cxx11::basic_string<char>; typename MessageMemoryStrategyT::SharedPtr = std::shared_ptr<rclcpp::message_memory_strategy::MessageMemoryStrategy<std_msgs::msg::Float32MultiArray_<std::allocator<void> >, std::allocator<void> > >]\x1b[m\x1b[K\xe2\x80\x99\n'}
[4.027881] (purpuresuit_pkg) StderrLine: {'line': b'\x1b[01m\x1b[K/opt/ros/humble/include/rclcpp/rclcpp/node_impl.hpp:99:47:\x1b[m\x1b[K   required from \xe2\x80\x98\x1b[01m\x1b[Kstd::shared_ptr<ROSMessageT> rclcpp::Node::create_subscription(const string&, const rclcpp::QoS&, CallbackT&&, const rclcpp::SubscriptionOptionsWithAllocator<AllocatorT>&, typename MessageMemoryStrategyT::SharedPtr) [with MessageT = std_msgs::msg::Float32MultiArray_<std::allocator<void> >; CallbackT = std::_Bind<void (PurepursuitPathNode::*(PurepursuitPathNode*, std::_Placeholder<1>))(std::shared_ptr<geometry_msgs::msg::Point_<std::allocator<void> > >)>; AllocatorT = std::allocator<void>; SubscriptionT = rclcpp::Subscription<std_msgs::msg::Float32MultiArray_<std::allocator<void> >, std::allocator<void>, std_msgs::msg::Float32MultiArray_<std::allocator<void> >, std_msgs::msg::Float32MultiArray_<std::allocator<void> >, rclcpp::message_memory_strategy::MessageMemoryStrategy<std_msgs::msg::Float32MultiArray_<std::allocator<void> >, std::allocator<void> > >; MessageMemoryStrategyT = rclcpp::message_memory_strategy::MessageMemoryStrategy<std_msgs::msg::Float32MultiArray_<std::allocator<void> >, std::allocator<void> >; std::string = std::__cxx11::basic_string<char>; typename MessageMemoryStrategyT::SharedPtr = std::shared_ptr<rclcpp::message_memory_strategy::MessageMemoryStrategy<std_msgs::msg::Float32MultiArray_<std::allocator<void> >, std::allocator<void> > >]\x1b[m\x1b[K\xe2\x80\x99\n'}
[4.027943] (purpuresuit_pkg) StderrLine: {'line': b'\x1b[01m\x1b[K/home/syafihidayat/Documents/robot_smoothing/src/purpuresuit_pkg/src/purpuresuit.cpp:38:79:\x1b[m\x1b[K   required from here\n'}
[4.027985] (purpuresuit_pkg) StderrLine: {'line': b'\x1b[01m\x1b[K/usr/include/c++/11/variant:1398:16:\x1b[m\x1b[K \x1b[01;36m\x1b[Knote: \x1b[m\x1b[Kcandidate: \xe2\x80\x98\x1b[01m\x1b[Kstd::variant<_Types>& std::variant<_Types>::operator=(const std::variant<_Types>&) [with _Types = {std::function<void(const std_msgs::msg::Float32MultiArray_<std::allocator<void> >&)>, std::function<void(const std_msgs::msg::Float32MultiArray_<std::allocator<void> >&, const rclcpp::MessageInfo&)>, std::function<void(const rclcpp::SerializedMessage&)>, std::function<void(const rclcpp::SerializedMessage&, const rclcpp::MessageInfo&)>, std::function<void(std::unique_ptr<std_msgs::msg::Float32MultiArray_<std::allocator<void> >, std::default_delete<std_msgs::msg::Float32MultiArray_<std::allocator<void> > > >)>, std::function<void(std::unique_ptr<std_msgs::msg::Float32MultiArray_<std::allocator<void> >, std::default_delete<std_msgs::msg::Float32MultiArray_<std::allocator<void> > > >, const rclcpp::MessageInfo&)>, std::function<void(std::unique_ptr<rclcpp::SerializedMessage, std::default_delete<rclcpp::SerializedMessage> >)>, std::function<void(std::unique_ptr<rclcpp::SerializedMessage, std::default_delete<rclcpp::SerializedMessage> >, const rclcpp::MessageInfo&)>, std::function<void(std::shared_ptr<const std_msgs::msg::Float32MultiArray_<std::allocator<void> > >)>, std::function<void(std::shared_ptr<const std_msgs::msg::Float32MultiArray_<std::allocator<void> > >, const rclcpp::MessageInfo&)>, std::function<void(std::shared_ptr<const rclcpp::SerializedMessage>)>, std::function<void(std::shared_ptr<const rclcpp::SerializedMessage>, const rclcpp::MessageInfo&)>, std::function<void(const std::shared_ptr<const std_msgs::msg::Float32MultiArray_<std::allocator<void> > >&)>, std::function<void(const std::shared_ptr<const std_msgs::msg::Float32MultiArray_<std::allocator<void> > >&, const rclcpp::MessageInfo&)>, std::function<void(const std::shared_ptr<const rclcpp::SerializedMessage>&)>, std::function<void(const std::shared_ptr<const rclcpp::SerializedMessage>&, const rclcpp::MessageInfo&)>, std::function<void(std::shared_ptr<std_msgs::msg::Float32MultiArray_<std::allocator<void> > >)>, std::function<void(std::shared_ptr<std_msgs::msg::Float32MultiArray_<std::allocator<void> > >, const rclcpp::MessageInfo&)>, std::function<void(std::shared_ptr<rclcpp::SerializedMessage>)>, std::function<void(std::shared_ptr<rclcpp::SerializedMessage>, const rclcpp::MessageInfo&)>}]\x1b[m\x1b[K\xe2\x80\x99\n'}
[4.028040] (purpuresuit_pkg) StderrLine: {'line': b' 1398 |       variant& \x1b[01;36m\x1b[Koperator\x1b[m\x1b[K=(const variant&) = default;\n'}
[4.028082] (purpuresuit_pkg) StderrLine: {'line': b'      |                \x1b[01;36m\x1b[K^~~~~~~~\x1b[m\x1b[K\n'}
[4.028122] (purpuresuit_pkg) StderrLine: {'line': b'\x1b[01m\x1b[K/usr/include/c++/11/variant:1398:26:\x1b[m\x1b[K \x1b[01;36m\x1b[Knote: \x1b[m\x1b[K  no known conversion for argument 1 from \xe2\x80\x98\x1b[01m\x1b[Krclcpp::detail::SubscriptionCallbackTypeHelper<std_msgs::msg::Float32MultiArray_<std::allocator<void> >, std::_Bind<void (PurepursuitPathNode::*(PurepursuitPathNode*, std::_Placeholder<1>))(std::shared_ptr<geometry_msgs::msg::Point_<std::allocator<void> > >)>, void>::callback_type\x1b[m\x1b[K\xe2\x80\x99 {aka \xe2\x80\x98\x1b[01m\x1b[Kstd::function<void(std::shared_ptr<geometry_msgs::msg::Point_<std::allocator<void> > >)>\x1b[m\x1b[K\xe2\x80\x99} to \xe2\x80\x98\x1b[01m\x1b[Kconst std::variant<std::function<void(const std_msgs::msg::Float32MultiArray_<std::allocator<void> >&)>, std::function<void(const std_msgs::msg::Float32MultiArray_<std::allocator<void> >&, const rclcpp::MessageInfo&)>, std::function<void(const rclcpp::SerializedMessage&)>, std::function<void(const rclcpp::SerializedMessage&, const rclcpp::MessageInfo&)>, std::function<void(std::unique_ptr<std_msgs::msg::Float32MultiArray_<std::allocator<void> >, std::default_delete<std_msgs::msg::Float32MultiArray_<std::allocator<void> > > >)>, std::function<void(std::unique_ptr<std_msgs::msg::Float32MultiArray_<std::allocator<void> >, std::default_delete<std_msgs::msg::Float32MultiArray_<std::allocator<void> > > >, const rclcpp::MessageInfo&)>, std::function<void(std::unique_ptr<rclcpp::SerializedMessage, std::default_delete<rclcpp::SerializedMessage> >)>, std::function<void(std::unique_ptr<rclcpp::SerializedMessage, std::default_delete<rclcpp::SerializedMessage> >, const rclcpp::MessageInfo&)>, std::function<void(std::shared_ptr<const std_msgs::msg::Float32MultiArray_<std::allocator<void> > >)>, std::function<void(std::shared_ptr<const std_msgs::msg::Float32MultiArray_<std::allocator<void> > >, const rclcpp::MessageInfo&)>, std::function<void(std::shared_ptr<const rclcpp::SerializedMessage>)>, std::function<void(std::shared_ptr<const rclcpp::SerializedMessage>, const rclcpp::MessageInfo&)>, std::function<void(const std::shared_ptr<const std_msgs::msg::Float32MultiArray_<std::allocator<void> > >&)>, std::function<void(const std::shared_ptr<const std_msgs::msg::Float32MultiArray_<std::allocator<void> > >&, const rclcpp::MessageInfo&)>, std::function<void(const std::shared_ptr<const rclcpp::SerializedMessage>&)>, std::function<void(const std::shared_ptr<const rclcpp::SerializedMessage>&, const rclcpp::MessageInfo&)>, std::function<void(std::shared_ptr<std_msgs::msg::Float32MultiArray_<std::allocator<void> > >)>, std::function<void(std::shared_ptr<std_msgs::msg::Float32MultiArray_<std::allocator<void> > >, const rclcpp::MessageInfo&)>, std::function<void(std::shared_ptr<rclcpp::SerializedMessage>)>, std::function<void(std::shared_ptr<rclcpp::SerializedMessage>, const rclcpp::MessageInfo&)> >&\x1b[m\x1b[K\xe2\x80\x99\n'}
[4.028187] (purpuresuit_pkg) StderrLine: {'line': b' 1398 |       variant& operator=(\x1b[01;36m\x1b[Kconst variant&\x1b[m\x1b[K) = default;\n'}
[4.028229] (purpuresuit_pkg) StderrLine: {'line': b'      |                          \x1b[01;36m\x1b[K^~~~~~~~~~~~~~\x1b[m\x1b[K\n'}
[4.028270] (purpuresuit_pkg) StderrLine: {'line': b'\x1b[01m\x1b[K/usr/include/c++/11/variant:1399:16:\x1b[m\x1b[K \x1b[01;36m\x1b[Knote: \x1b[m\x1b[Kcandidate: \xe2\x80\x98\x1b[01m\x1b[Kstd::variant<_Types>& std::variant<_Types>::operator=(std::variant<_Types>&&) [with _Types = {std::function<void(const std_msgs::msg::Float32MultiArray_<std::allocator<void> >&)>, std::function<void(const std_msgs::msg::Float32MultiArray_<std::allocator<void> >&, const rclcpp::MessageInfo&)>, std::function<void(const rclcpp::SerializedMessage&)>, std::function<void(const rclcpp::SerializedMessage&, const rclcpp::MessageInfo&)>, std::function<void(std::unique_ptr<std_msgs::msg::Float32MultiArray_<std::allocator<void> >, std::default_delete<std_msgs::msg::Float32MultiArray_<std::allocator<void> > > >)>, std::function<void(std::unique_ptr<std_msgs::msg::Float32MultiArray_<std::allocator<void> >, std::default_delete<std_msgs::msg::Float32MultiArray_<std::allocator<void> > > >, const rclcpp::MessageInfo&)>, std::function<void(std::unique_ptr<rclcpp::SerializedMessage, std::default_delete<rclcpp::SerializedMessage> >)>, std::function<void(std::unique_ptr<rclcpp::SerializedMessage, std::default_delete<rclcpp::SerializedMessage> >, const rclcpp::MessageInfo&)>, std::function<void(std::shared_ptr<const std_msgs::msg::Float32MultiArray_<std::allocator<void> > >)>, std::function<void(std::shared_ptr<const std_msgs::msg::Float32MultiArray_<std::allocator<void> > >, const rclcpp::MessageInfo&)>, std::function<void(std::shared_ptr<const rclcpp::SerializedMessage>)>, std::function<void(std::shared_ptr<const rclcpp::SerializedMessage>, const rclcpp::MessageInfo&)>, std::function<void(const std::shared_ptr<const std_msgs::msg::Float32MultiArray_<std::allocator<void> > >&)>, std::function<void(const std::shared_ptr<const std_msgs::msg::Float32MultiArray_<std::allocator<void> > >&, const rclcpp::MessageInfo&)>, std::function<void(const std::shared_ptr<const rclcpp::SerializedMessage>&)>, std::function<void(const std::shared_ptr<const rclcpp::SerializedMessage>&, const rclcpp::MessageInfo&)>, std::function<void(std::shared_ptr<std_msgs::msg::Float32MultiArray_<std::allocator<void> > >)>, std::function<void(std::shared_ptr<std_msgs::msg::Float32MultiArray_<std::allocator<void> > >, const rclcpp::MessageInfo&)>, std::function<void(std::shared_ptr<rclcpp::SerializedMessage>)>, std::function<void(std::shared_ptr<rclcpp::SerializedMessage>, const rclcpp::MessageInfo&)>}]\x1b[m\x1b[K\xe2\x80\x99\n'}
[4.028338] (purpuresuit_pkg) StderrLine: {'line': b' 1399 |       variant& \x1b[01;36m\x1b[Koperator\x1b[m\x1b[K=(variant&&) = default;\n'}
[4.028380] (purpuresuit_pkg) StderrLine: {'line': b'      |                \x1b[01;36m\x1b[K^~~~~~~~\x1b[m\x1b[K\n'}
[4.028421] (purpuresuit_pkg) StderrLine: {'line': b'\x1b[01m\x1b[K/usr/include/c++/11/variant:1399:26:\x1b[m\x1b[K \x1b[01;36m\x1b[Knote: \x1b[m\x1b[K  no known conversion for argument 1 from \xe2\x80\x98\x1b[01m\x1b[Krclcpp::detail::SubscriptionCallbackTypeHelper<std_msgs::msg::Float32MultiArray_<std::allocator<void> >, std::_Bind<void (PurepursuitPathNode::*(PurepursuitPathNode*, std::_Placeholder<1>))(std::shared_ptr<geometry_msgs::msg::Point_<std::allocator<void> > >)>, void>::callback_type\x1b[m\x1b[K\xe2\x80\x99 {aka \xe2\x80\x98\x1b[01m\x1b[Kstd::function<void(std::shared_ptr<geometry_msgs::msg::Point_<std::allocator<void> > >)>\x1b[m\x1b[K\xe2\x80\x99} to \xe2\x80\x98\x1b[01m\x1b[Kstd::variant<std::function<void(const std_msgs::msg::Float32MultiArray_<std::allocator<void> >&)>, std::function<void(const std_msgs::msg::Float32MultiArray_<std::allocator<void> >&, const rclcpp::MessageInfo&)>, std::function<void(const rclcpp::SerializedMessage&)>, std::function<void(const rclcpp::SerializedMessage&, const rclcpp::MessageInfo&)>, std::function<void(std::unique_ptr<std_msgs::msg::Float32MultiArray_<std::allocator<void> >, std::default_delete<std_msgs::msg::Float32MultiArray_<std::allocator<void> > > >)>, std::function<void(std::unique_ptr<std_msgs::msg::Float32MultiArray_<std::allocator<void> >, std::default_delete<std_msgs::msg::Float32MultiArray_<std::allocator<void> > > >, const rclcpp::MessageInfo&)>, std::function<void(std::unique_ptr<rclcpp::SerializedMessage, std::default_delete<rclcpp::SerializedMessage> >)>, std::function<void(std::unique_ptr<rclcpp::SerializedMessage, std::default_delete<rclcpp::SerializedMessage> >, const rclcpp::MessageInfo&)>, std::function<void(std::shared_ptr<const std_msgs::msg::Float32MultiArray_<std::allocator<void> > >)>, std::function<void(std::shared_ptr<const std_msgs::msg::Float32MultiArray_<std::allocator<void> > >, const rclcpp::MessageInfo&)>, std::function<void(std::shared_ptr<const rclcpp::SerializedMessage>)>, std::function<void(std::shared_ptr<const rclcpp::SerializedMessage>, const rclcpp::MessageInfo&)>, std::function<void(const std::shared_ptr<const std_msgs::msg::Float32MultiArray_<std::allocator<void> > >&)>, std::function<void(const std::shared_ptr<const std_msgs::msg::Float32MultiArray_<std::allocator<void> > >&, const rclcpp::MessageInfo&)>, std::function<void(const std::shared_ptr<const rclcpp::SerializedMessage>&)>, std::function<void(const std::shared_ptr<const rclcpp::SerializedMessage>&, const rclcpp::MessageInfo&)>, std::function<void(std::shared_ptr<std_msgs::msg::Float32MultiArray_<std::allocator<void> > >)>, std::function<void(std::shared_ptr<std_msgs::msg::Float32MultiArray_<std::allocator<void> > >, const rclcpp::MessageInfo&)>, std::function<void(std::shared_ptr<rclcpp::SerializedMessage>)>, std::function<void(std::shared_ptr<rclcpp::SerializedMessage>, const rclcpp::MessageInfo&)> >&&\x1b[m\x1b[K\xe2\x80\x99\n'}
[4.028512] (purpuresuit_pkg) StderrLine: {'line': b' 1399 |       variant& operator=(\x1b[01;36m\x1b[Kvariant&&\x1b[m\x1b[K) = default;\n'}
[4.028563] (purpuresuit_pkg) StderrLine: {'line': b'      |                          \x1b[01;36m\x1b[K^~~~~~~~~\x1b[m\x1b[K\n'}
[4.113588] (-) TimerEvent: {}
[4.214105] (-) TimerEvent: {}
[4.314515] (-) TimerEvent: {}
[4.414919] (-) TimerEvent: {}
[4.515277] (-) TimerEvent: {}
[4.615689] (-) TimerEvent: {}
[4.716089] (-) TimerEvent: {}
[4.816500] (-) TimerEvent: {}
[4.916817] (-) TimerEvent: {}
[5.017208] (-) TimerEvent: {}
[5.117595] (-) TimerEvent: {}
[5.217998] (-) TimerEvent: {}
[5.318383] (-) TimerEvent: {}
[5.418803] (-) TimerEvent: {}
[5.519296] (-) TimerEvent: {}
[5.620072] (-) TimerEvent: {}
[5.720565] (-) TimerEvent: {}
[5.821042] (-) TimerEvent: {}
[5.921828] (-) TimerEvent: {}
[6.022385] (-) TimerEvent: {}
[6.122841] (-) TimerEvent: {}
[6.223241] (-) TimerEvent: {}
[6.323629] (-) TimerEvent: {}
[6.424075] (-) TimerEvent: {}
[6.512625] (purpuresuit_pkg) StderrLine: {'line': b'gmake[2]: *** [CMakeFiles/purpuresuit.dir/build.make:76: CMakeFiles/purpuresuit.dir/src/purpuresuit.cpp.o] Error 1\n'}
[6.512964] (purpuresuit_pkg) StderrLine: {'line': b'gmake[1]: *** [CMakeFiles/Makefile2:137: CMakeFiles/purpuresuit.dir/all] Error 2\n'}
[6.513706] (purpuresuit_pkg) StderrLine: {'line': b'gmake: *** [Makefile:146: all] Error 2\n'}
[6.516368] (purpuresuit_pkg) CommandEnded: {'returncode': 2}
[6.524272] (-) TimerEvent: {}
[6.526886] (purpuresuit_pkg) JobEnded: {'identifier': 'purpuresuit_pkg', 'rc': 2}
[6.537934] (-) EventReactorShutdown: {}
